image_id	filename	label	path	mean_r	mean_g	mean_b	std_r	std_g	std_b	mean_intensity	std_intensity	entropy	edge_density	nuclei_count	nuclei_density	nuclear_area_fraction	mean_nucleus_area	median_nucleus_area	std_nucleus_area	mean_nucleus_eccentricity	mean_nucleus_solidity	mean_nucleus_perimeter	interface_score	dist_tum	dist_str
TUM-TCGA-QQNACQPC	TUM-TCGA-QQNACQPC.tif	TUM	data/raw/crc_val_7k/CRC-VAL-HE-7K/TUM/TUM-TCGA-QQNACQPC.tif	172.0653698979592	106.63321109693878	157.88881138392858	35.571286145059275	36.03500681144089	28.153589026445147	145.5291307929422	32.659755931825906	4.88817947991144	0.1000079719387755	79	0.0015744579081632	0.3048469387755102	193.62025316455697	73.0	336.896682648676	0.8206067516236695	0.7028699906224949	91.45214664163436	0.00015643275274257462	3.039851799150406	3.0396953663976634
TUM-TCGA-CVWHRGIH	TUM-TCGA-CVWHRGIH.tif	TUM	data/raw/crc_val_7k/CRC-VAL-HE-7K/TUM/TUM-TCGA-CVWHRGIH.tif	194.2385602678572	147.82003348214286	186.1107102997449	45.37036515338687	63.15643774496851	45.605943742863545	176.0564346832483	50.82121329480916	5.110195600826736	0.1000079719387755	61	0.0012157206632653	0.1817004145408163	149.45901639344262	46.0	453.4843454839787	0.8662778646493287	0.6902231703971108	73.41824860640914	0.007928605051136017	4.183401733824349	4.191330338875485
TUM-TCGA-QQYAIGCH	TUM-TCGA-QQYAIGCH.tif	TUM	data/raw/crc_val_7k/CRC-VAL-HE-7K/TUM/TUM-TCGA-QQYAIGCH.tif	169.7424864477041	99.38576211734694	153.11848294005102	32.35741314837008	32.29228510133436	25.850976219839016	140.74891050170066	29.56660532761088	4.791035809622875	0.1000079719387755	71	0.001415019132653	0.3350605867346938	236.7887323943662	83.0	481.7283997655181	0.8568622538419238	0.6505115604247361	117.88330329655255	0.014516825211929874	3.8095140433655854	3.8240308685775153
TUM-TCGA-IWTGCLAQ	TUM-TCGA-IWTGCLAQ.tif	TUM	data/raw/crc_val_7k/CRC-VAL-HE-7K/TUM/TUM-TCGA-IWTGCLAQ.tif	205.1662149234694	169.4055723852041	198.79416454081635	45.462627307001725	69.86360170811153	48.52172239391771	191.1219839498299	54.18121310091104	4.393535368600212	0.0999880420918367	31	0.000617825255102	0.2341159119897959	378.9354838709677	42.0	1295.3916317888722	0.8914600382286281	0.7084368690708079	109.76598467553418	0.016728114877606615	6.3253585739367475	6.308630459059141
TUM-TCGA-QMKNKPNS	TUM-TCGA-QMKNKPNS.tif	TUM	data/raw/crc_val_7k/CRC-VAL-HE-7K/TUM/TUM-TCGA-QMKNKPNS.tif	179.5817721619898	113.37334582270408	163.01765784438774	36.327913851377645	39.11853254536188	30.58700017625404	151.99092527636054	34.60521251585235	4.955207527409429	0.0999681122448979	65	0.0012954400510204	0.2688934948979591	207.5692307692308	65.0	444.2900635752684	0.8466659757878925	0.6524923465568214	112.44297863221249	0.017511612910401375	3.6715778773013996	3.689089490211801
TUM-TCGA-IPIMCDCN	TUM-TCGA-IPIMCDCN.tif	TUM	data/raw/crc_val_7k/CRC-VAL-HE-7K/TUM/TUM-TCGA-IPIMCDCN.tif	184.1835339604592	130.73034917091837	174.97359295280611	43.425335718696886	54.73951855894953	41.15751653470285	163.29582536139455	45.96218824345215	5.185328308390688	0.1000079719387755	75	0.0014947385204081	0.2297911352040816	153.73333333333332	69.0	214.2805222651425	0.8942521913608099	0.6371109645163143	85.03198072061926	0.017691258515827535	3.8663648853264605	3.884056143842288
TUM-TCGA-DDYASHPV	TUM-TCGA-DDYASHPV.tif	TUM	data/raw/crc_val_7k/CRC-VAL-HE-7K/TUM/TUM-TCGA-DDYASHPV.tif	166.12593670280611	97.42627949617346	151.54544005102042	32.073250899614	29.12344228525223	24.12932444979125	138.36588541666669	27.964438367337	4.735866474736529	0.1000079719387755	83	0.0016541772959183	0.3355189732142857	202.83132530120483	77.0	366.05871605118045	0.8372787945903117	0.6104013219806651	116.04963484783572	0.01777558816778768	4.750489431787682	4.732713843619894
TUM-TCGA-QNVCEWFY	TUM-TCGA-QNVCEWFY.tif	TUM	data/raw/crc_val_7k/CRC-VAL-HE-7K/TUM/TUM-TCGA-QNVCEWFY.tif	173.3885722257653	105.5179368622449	156.69210379464286	38.114177800555446	41.8290849823762	32.92606026637938	145.199537627551	36.908068810156976	5.007019326925997	0.1000079719387755	103	0.0020527742346938	0.2721819196428571	132.59223300970874	69.0	174.1231813107346	0.8275327853208624	0.6500377576070265	74.1666722341395	0.02140572484786185	3.8822345295476146	3.8608288046997528
TUM-TCGA-WEYGEVCP	TUM-TCGA-WEYGEVCP.tif	TUM	data/raw/crc_val_7k/CRC-VAL-HE-7K/TUM/TUM-TCGA-WEYGEVCP.tif	176.8190768494898	117.53926179846938	166.6329719387755	36.76415304629727	44.149113077750464	32.474616881712535	153.66377019557825	37.17042258904685	4.943963538605528	0.0999880420918367	66	0.0013153698979591	0.2765664859693877	210.2575757575757	62.0	336.38863304607645	0.8693577821545185	0.6544199706863556	108.65897115005524	0.0235005331972582	2.7929182165064854	2.769417683309227
TUM-TCGA-PQPFTICM	TUM-TCGA-PQPFTICM.tif	TUM	data/raw/crc_val_7k/CRC-VAL-HE-7K/TUM/TUM-TCGA-PQPFTICM.tif	178.4482421875	118.93301578443878	167.9727558992347	35.76298286745423	39.08024899471074	29.83707210965204	155.1180046237245	34.28727328358946	4.941209436530443	0.1000079719387755	63	0.0012555803571428	0.3234414859693877	257.6031746031746	76.0	560.1295921391065	0.8560206759878158	0.6595082737472551	122.96241776119165	0.02426085214059004	2.6108108435362865	2.6350716956768765
STR-TCGA-PTASLPDF	STR-TCGA-PTASLPDF.tif	STR	data/raw/crc_val_7k/CRC-VAL-HE-7K/STR/STR-TCGA-PTASLPDF.tif	170.46446508290816	98.59650031887756	152.46558115433675	36.88587445621656	36.98297511734681	29.28797511371229	140.5088488520408	33.58069908253207	4.896609809242781	0.1000079719387755	90	0.0017936862244897	0.3061423788265306	170.67777777777778	111.5	206.2727335768932	0.8433650615224402	0.6896627557663609	80.95854212444758	0.025779768889408583	3.521306523492254	3.4955267546028455
TUM-TCGA-YPDYPWHW	TUM-TCGA-YPDYPWHW.tif	TUM	data/raw/crc_val_7k/CRC-VAL-HE-7K/TUM/TUM-TCGA-YPDYPWHW.tif	172.8534159757653	107.66537786989797	158.96924824617346	35.843175591701744	37.05325776933605	29.24912155752775	146.49601403061223	33.44217047911381	4.91547463620982	0.1000079719387755	82	0.0016342474489795	0.2834821428571428	173.46341463414635	52.0	413.65769385556126	0.8456376025214782	0.6170887583313623	103.01635250039848	0.026022747702742155	3.7136169843839935	3.6875942366812513
TUM-TCGA-FDFCLHRN	TUM-TCGA-FDFCLHRN.tif	TUM	data/raw/crc_val_7k/CRC-VAL-HE-7K/TUM/TUM-TCGA-FDFCLHRN.tif	173.0631776147959	102.25450414540816	155.1023397640306	35.726744960379314	36.490798344249534	28.86814037939195	143.47334050807822	33.10192658967694	4.894245483347851	0.0999880420918367	84	0.0016741071428571	0.3014787946428571	180.08333333333334	60.0	531.6812106161193	0.8208914100902085	0.7033764996808246	81.34102886709759	0.026710342151985422	3.309553046735898	3.3362633888878834
TUM-TCGA-TMRHMYMC	TUM-TCGA-TMRHMYMC.tif	TUM	data/raw/crc_val_7k/CRC-VAL-HE-7K/TUM/TUM-TCGA-TMRHMYMC.tif	185.48005022321428	118.45023517219389	166.47903380102042	40.81750944696204	47.28505587848343	35.56202754910347	156.80310639880952	40.53983795176388	5.08904744200899	0.1000079719387755	92	0.0018335459183673	0.2921914859693877	159.3586956521739	103.0	174.73405764946483	0.8251599005415461	0.6981632026570115	76.49056202402647	0.030834400723078303	3.02516064800921	2.9943262472861316
TUM-TCGA-GPWFKGAV	TUM-TCGA-GPWFKGAV.tif	TUM	data/raw/crc_val_7k/CRC-VAL-HE-7K/TUM/TUM-TCGA-GPWFKGAV.tif	175.89307637117346	110.25916772959184	161.44429607780611	34.42774170361473	37.6534709742929	29.12541751704926	149.19884672619048	33.13828177469249	4.914053247685505	0.1000079719387755	68	0.0013552295918367	0.290836256377551	214.60294117647052	65.0	397.4707588099992	0.8269471109024291	0.6775138513576003	98.47233039531012	0.03107715000569433	2.7590695848356557	2.79014673484135
TUM-TCGA-HSMCCWDP	TUM-TCGA-HSMCCWDP.tif	TUM	data/raw/crc_val_7k/CRC-VAL-HE-7K/TUM/TUM-TCGA-HSMCCWDP.tif	187.95860570790816	125.9826809630102	171.30018335459184	42.94532061239156	55.212459245050994	40.06823059039359	161.74715667517006	45.27758048176034	5.10918692051471	0.1000079719387755	100	0.0019929846938775	0.2966557716836734	148.85	91.5	173.13234099959487	0.8484792626530862	0.6833908855937095	77.16287081163512	0.039140089073391504	3.596689106372573	3.5575490172991815
TUM-TCGA-CQPASATD	TUM-TCGA-CQPASATD.tif	TUM	data/raw/crc_val_7k/CRC-VAL-HE-7K/TUM/TUM-TCGA-CQPASATD.tif	173.33731265943877	104.50243144132654	156.94987643494898	33.0563762555055	35.33638282336809	27.66437169575389	144.92987351190476	31.366083262250687	4.848809120090229	0.1000079719387755	71	0.001415019132653	0.3056441326530612	216.0	44.0	432.1735110600508	0.836975185471409	0.6536628885780944	113.94879219196883	0.03926001010951685	3.3244306354360234	3.36369064554554
TUM-TCGA-TKHGKLHC	TUM-TCGA-TKHGKLHC.tif	TUM	data/raw/crc_val_7k/CRC-VAL-HE-7K/TUM/TUM-TCGA-TKHGKLHC.tif	175.33910634566325	107.98258131377553	159.6417610012755	36.47805831662195	36.724812183048485	28.79381216063595	147.6544828869048	33.34044224806324	4.910607304168726	0.1000079719387755	80	0.001594387755102	0.2896006058673469	181.6375	58.5	312.31535520007657	0.8416593885531137	0.6272324970010039	105.25612729164176	0.04101241395896782	3.509797285541948	3.4687848715829803
TUM-TCGA-SWNPCGYK	TUM-TCGA-SWNPCGYK.tif	TUM	data/raw/crc_val_7k/CRC-VAL-HE-7K/TUM/TUM-TCGA-SWNPCGYK.tif	177.7686144770408	111.29504145408164	161.20202885841837	38.84844914841793	41.33323539454272	31.682524941490573	150.0885615965136	36.5697428952442	4.987023297313103	0.0999880420918367	80	0.001594387755102	0.2479671556122449	155.525	107.0	169.5052340637303	0.8179153723900237	0.706596718232022	75.81292699674846	0.041476860784543046	2.8866615014140846	2.8451846406295416
TUM-TCGA-QAFFQYWM	TUM-TCGA-QAFFQYWM.tif	TUM	data/raw/crc_val_7k/CRC-VAL-HE-7K/TUM/TUM-TCGA-QAFFQYWM.tif	167.20848612882654	99.03396045918367	152.78655133928572	35.18339060837058	32.54238679330496	26.42225429933118	139.676332642432	30.796073276790512	4.829447957121338	0.1000079719387755	85	0.0016940369897959	0.3265505420918367	192.76470588235293	61.0	491.4364454645135	0.8539706776020346	0.6367991707266202	113.64339099841511	0.04192425218943363	4.0461247176937	4.0880489698831335
TUM-TCGA-YEPDHDTI	TUM-TCGA-YEPDHDTI.tif	TUM	data/raw/crc_val_7k/CRC-VAL-HE-7K/TUM/TUM-TCGA-YEPDHDTI.tif	163.32419882015307	94.85809948979592	149.45557637117346	37.0980002727712	33.96537878608067	27.66844464072964	135.87929156037416	32.3106374006664	4.873710163177144	0.0999880420918367	103	0.0020527742346938	0.3254942602040816	158.5631067961165	62.0	296.8154167973764	0.8481131804426024	0.645301223832244	91.66860101354318	0.04490516912392373	4.606702090139508	4.651607259263431
TUM-TCGA-MNYSRFVG	TUM-TCGA-MNYSRFVG.tif	TUM	data/raw/crc_val_7k/CRC-VAL-HE-7K/TUM/TUM-TCGA-MNYSRFVG.tif	184.3102479272959	117.5377272002551	165.5601881377551	40.04495923054367	45.368116945761365	34.40744475111947	155.80272108843536	39.125109315201406	5.058728841849611	0.1000079719387755	67	0.0013352997448979	0.2112563775510204	158.2089552238806	96.0	162.10633485586237	0.835736102150496	0.6904973806127597	75.53704848422416	0.04561048755986308	2.541937245278686	2.496326757718823
TUM-TCGA-NWAGIHDE	TUM-TCGA-NWAGIHDE.tif	TUM	data/raw/crc_val_7k/CRC-VAL-HE-7K/TUM/TUM-TCGA-NWAGIHDE.tif	171.3450852997449	104.28224649234694	156.2518933354592	38.33019695859421	37.77845142938302	29.915818900817005	143.9597417091837	34.67580393941646	4.95267296136594	0.1000079719387755	94	0.0018734056122448	0.2911551339285714	155.41489361702128	59.5	214.29247311443143	0.8316211780390987	0.6539615711216241	87.12235458105997	0.04764422146689329	3.631678235029638	3.6793224564965312
TUM-TCGA-TNTIVLYC	TUM-TCGA-TNTIVLYC.tif	TUM	data/raw/crc_val_7k/CRC-VAL-HE-7K/TUM/TUM-TCGA-TNTIVLYC.tif	181.73080755739795	118.04175302933672	166.07471699617346	43.31270453615479	48.85814745946176	36.81517459954832	155.28242586096937	42.36706407337591	5.13186439909958	0.1000079719387755	109	0.0021723533163265	0.2838408801020408	130.6605504587156	72.0	147.53169276578913	0.805365365806914	0.7183443244718628	65.66816689009421	0.052945938884256805	3.835282719090927	3.888228657975184
TUM-TCGA-WIFRDAFR	TUM-TCGA-WIFRDAFR.tif	TUM	data/raw/crc_val_7k/CRC-VAL-HE-7K/TUM/TUM-TCGA-WIFRDAFR.tif	162.15756536989795	96.22883450255102	149.36234454719389	38.94353985247031	38.65775787788839	31.12939713050119	135.9162481398809	35.52199278874837	4.962516474024197	0.1000079719387755	110	0.0021922831632653	0.3077168367346938	140.36363636363637	70.0	180.35624984874835	0.8626563571540411	0.6584269109740433	78.45861369773156	0.055526736689948564	4.5267812212664	4.582307957956348
TUM-TCGA-EDYTKCIL	TUM-TCGA-EDYTKCIL.tif	TUM	data/raw/crc_val_7k/CRC-VAL-HE-7K/TUM/TUM-TCGA-EDYTKCIL.tif	176.02309869260205	105.82573341836736	156.77152423469389	38.091559185082666	40.30019691753626	32.157930727055444	146.20678544855446	36.06516916262959	4.9924098886055965	0.0999481823979591	97	0.0019331951530612	0.2451171875	126.79381443298968	67.0	144.81028742179217	0.7897084929043574	0.663237157114399	67.8047793504268	0.05775354703483515	5.49962191080569	5.557375457840525
TUM-TCGA-TKCKMMLC	TUM-TCGA-TKCKMMLC.tif	TUM	data/raw/crc_val_7k/CRC-VAL-HE-7K/TUM/TUM-TCGA-TKCKMMLC.tif	210.1751036352041	178.1006457270408	205.3473772321429	42.13111347502591	66.33478608728834	44.55728074999751	197.87437553146265	50.63197430604606	4.299185469906542	0.1000079719387755	30	0.0005978954081632	0.2326610331632653	389.1333333333333	73.5	1231.4389613600652	0.7641510614486945	0.7392561183237325	111.57182292900164	0.057922656211919055	6.996711818455524	7.054634474667443
TUM-TCGA-SHMGTLSK	TUM-TCGA-SHMGTLSK.tif	TUM	data/raw/crc_val_7k/CRC-VAL-HE-7K/TUM/TUM-TCGA-SHMGTLSK.tif	170.9239875637755	106.33436304209184	158.66057477678572	35.7733596506356	36.11934676103782	28.06876756950975	145.3063084608844	32.727236639020575	4.885486141357977	0.1000079719387755	85	0.0016940369897959	0.3088129783163265	182.2941176470588	86.0	315.54083630674904	0.8551137598941956	0.6129599663231429	112.61517904970698	0.05842325384939384	3.9449166823920483	3.8864934285426544
TUM-TCGA-SFTLWQGQ	TUM-TCGA-SFTLWQGQ.tif	TUM	data/raw/crc_val_7k/CRC-VAL-HE-7K/TUM/TUM-TCGA-SFTLWQGQ.tif	173.54978475765307	104.11003268494898	156.98790258290816	34.15676598773163	31.475103638055828	24.979169277961194	144.88257334183675	29.45864924364316	4.792464104263274	0.1000079719387755	63	0.0012555803571428	0.3216079400510204	256.1428571428572	48.0	654.1793806988411	0.857726705000702	0.6361498806222038	138.09072349326593	0.05890162460979731	3.6433161789539494	3.7022178035637467
TUM-TCGA-CLIMWGPR	TUM-TCGA-CLIMWGPR.tif	TUM	data/raw/crc_val_7k/CRC-VAL-HE-7K/TUM/TUM-TCGA-CLIMWGPR.tif	174.30855389030611	102.90726642219389	155.79711415816325	31.54220369619223	29.83572940580051	24.300429095711305	144.3376448235544	27.99778210793904	4.745272612897745	0.1000079719387755	51	0.0010164221938775	0.2957589285714285	290.9803921568628	102.0	404.2123539261423	0.8821036891442071	0.5942386894333367	161.39535755888255	0.06497287376590588	4.6098579505114845	4.544885076745579
TUM-TCGA-VSNCKISS	TUM-TCGA-VSNCKISS.tif	TUM	data/raw/crc_val_7k/CRC-VAL-HE-7K/TUM/TUM-TCGA-VSNCKISS.tif	176.07669005102042	117.6641621492347	166.82948022959184	37.082728657449046	42.384673818546425	31.97807807758248	153.52344414328232	36.60546271662345	4.9924721597033805	0.1000079719387755	78	0.0015545280612244	0.2821069834183674	181.47435897435892	69.0	264.5685759757191	0.8303457137389818	0.6818744456370899	90.63740375189823	0.0667466584486105	2.6194047130454576	2.552658054596847
TUM-TCGA-HYTSVTKD	TUM-TCGA-HYTSVTKD.tif	TUM	data/raw/crc_val_7k/CRC-VAL-HE-7K/TUM/TUM-TCGA-HYTSVTKD.tif	169.68558673469389	102.51157924107144	155.50506218112244	34.61551923691087	33.52411633147666	26.433289694884937	142.56740938562925	30.909311624222383	4.836412973489386	0.1000079719387755	75	0.0014947385204081	0.3170041454081632	212.08	61.0	386.29445625498346	0.8553201844043381	0.621456257647194	119.8991933003168	0.06684417568118617	3.89772588680771	3.964570062488896
TUM-TCGA-DKYGHEPE	TUM-TCGA-DKYGHEPE.tif	TUM	data/raw/crc_val_7k/CRC-VAL-HE-7K/TUM/TUM-TCGA-DKYGHEPE.tif	175.4025430484694	110.59743702168367	161.6463847257653	36.57600631278801	38.36021910840269	29.7962451154319	149.21545493197277	34.261918370144535	4.939765429783176	0.1000079719387755	77	0.0015345982142857	0.3032525510204081	197.6103896103896	70.0	464.93611223853605	0.8367691727914431	0.7024993974089473	98.23849669649076	0.06706599083900677	2.6373147179635406	2.570248727124534
TUM-TCGA-AAMWWECY	TUM-TCGA-AAMWWECY.tif	TUM	data/raw/crc_val_7k/CRC-VAL-HE-7K/TUM/TUM-TCGA-AAMWWECY.tif	167.1178651147959	100.15349968112244	154.20812739158163	36.55713945138878	33.53695565313805	25.991658605731253	140.49316406249997	31.39562218988995	4.847122175000621	0.1000079719387755	87	0.0017338966836734	0.3115035076530612	179.6551724137931	58.0	291.7881780745251	0.8410862510656757	0.6321759830136543	107.4744720912276	0.06779880930570492	4.0342495208250835	4.102048330130788
TUM-TCGA-EFQTSEGM	TUM-TCGA-EFQTSEGM.tif	TUM	data/raw/crc_val_7k/CRC-VAL-HE-7K/TUM/TUM-TCGA-EFQTSEGM.tif	194.6265146683673	150.5419323979592	190.19882015306123	39.54460528134736	55.521337312490665	38.98837011249482	178.4557557397959	44.12328548544623	5.096957496749258	0.1000079719387755	60	0.0011957908163265	0.2689532844387755	224.91666666666663	54.0	488.00120531499607	0.82650540663954	0.6733591420759585	110.5030573006424	0.07114153911569776	3.785767746803997	3.7146262076882994
TUM-TCGA-WKQFMLLK	TUM-TCGA-WKQFMLLK.tif	TUM	data/raw/crc_val_7k/CRC-VAL-HE-7K/TUM/TUM-TCGA-WKQFMLLK.tif	185.34494579081635	116.6883769132653	164.9939413265306	39.35283877850375	44.700879584532736	34.027792582121215	155.67575467687072	38.53399102826642	5.040905217141134	0.1000079719387755	73	0.0014548788265306	0.2157405931122449	148.2876712328767	108.0	145.9766803906176	0.802898737658231	0.7277831789061797	71.2405888252981	0.07124773761791259	2.7585784983272768	2.687330760709364
TUM-TCGA-GGDHAWDM	TUM-TCGA-GGDHAWDM.tif	TUM	data/raw/crc_val_7k/CRC-VAL-HE-7K/TUM/TUM-TCGA-GGDHAWDM.tif	176.83868781887756	112.9937818877551	167.52479272959184	38.655010389196576	43.336984545663775	32.66831634251669	152.45242081207485	37.54454275749543	5.007910894090063	0.0999282525510204	102	0.0020328443877551	0.3088727678571428	151.94117647058823	84.5	188.7884397180212	0.7801104553210735	0.7670470169595858	62.844995438166215	0.07154513840406906	6.6875814367068385	6.616036298302769
TUM-TCGA-DFWREGAE	TUM-TCGA-DFWREGAE.tif	TUM	data/raw/crc_val_7k/CRC-VAL-HE-7K/TUM/TUM-TCGA-DFWREGAE.tif	173.46944754464286	103.0752949617347	156.03599330357142	33.66662425710217	32.26177145838435	25.63702313917766	144.19357860331633	29.87224371452842	4.798622255506916	0.1000079719387755	74	0.0014748086734693	0.2906170280612244	197.0540540540541	69.0	397.79812522121136	0.8308084802645346	0.6305271487475397	116.1476721282544	0.07476053554757245	3.8677355848951054	3.792975049347533
TUM-TCGA-PSPWNCSV	TUM-TCGA-PSPWNCSV.tif	TUM	data/raw/crc_val_7k/CRC-VAL-HE-7K/TUM/TUM-TCGA-PSPWNCSV.tif	170.73547114158163	103.57894212372447	156.31096540178572	37.93037998562942	37.54253680983936	29.07303716661877	143.54179288903063	34.170673829471845	4.922148677982241	0.1000079719387755	89	0.001773756377551	0.3068598533163265	173.0	67.0	296.80345708032354	0.8523292919726336	0.6365872760693027	102.19654241991456	0.07519028384489435	3.6744751950129144	3.7496654788578088
TUM-TCGA-IYSPSQGW	TUM-TCGA-IYSPSQGW.tif	TUM	data/raw/crc_val_7k/CRC-VAL-HE-7K/TUM/TUM-TCGA-IYSPSQGW.tif	163.0267259247449	93.9111328125	148.37717235331633	36.168860733747785	33.05335880790264	27.80816544029693	135.1050103635204	31.74476917183299	4.859535258291721	0.1000079719387755	99	0.0019730548469387	0.3108059630102041	157.5252525252525	53.0	287.91701748640975	0.8456946394584278	0.6255219143197375	89.26018441067302	0.0752278369385877	4.6777422586754565	4.752970095614044
TUM-TCGA-NSPITKEH	TUM-TCGA-NSPITKEH.tif	TUM	data/raw/crc_val_7k/CRC-VAL-HE-7K/TUM/TUM-TCGA-NSPITKEH.tif	188.87912547831635	127.1500318877551	172.37224968112244	42.90170625271972	54.13400709213224	39.378512841472656	162.8004690157313	44.741168394225575	5.138602571015841	0.1000079719387755	102	0.0020328443877551	0.2708466198979591	133.23529411764707	76.0	157.91398604816288	0.8143947918765799	0.7075946877639653	68.30938301040294	0.07652206680016294	3.7564017821514986	3.6798797153513356
TUM-TCGA-PINVRKYI	TUM-TCGA-PINVRKYI.tif	TUM	data/raw/crc_val_7k/CRC-VAL-HE-7K/TUM/TUM-TCGA-PINVRKYI.tif	172.97283561862244	105.86499521683672	161.79488201530611	39.55142034393531	41.70773197718214	32.852544480519285	146.8775709502551	37.24136273950105	5.000570713676556	0.1000079719387755	105	0.0020926339285714	0.3181002869897959	152.0095238095238	90.0	170.1106919871431	0.8141052033440545	0.7477829382730545	66.6962701486983	0.07799111351860954	3.6779052202113576	3.599914106692748
TUM-TCGA-LEMFAQRS	TUM-TCGA-LEMFAQRS.tif	TUM	data/raw/crc_val_7k/CRC-VAL-HE-7K/TUM/TUM-TCGA-LEMFAQRS.tif	168.4514708227041	99.39353475765306	153.4319395727041	34.4548816253134	30.728942744056106	24.74796730310146	140.42564838435374	29.28595525218723	4.7815408115169	0.1000079719387755	81	0.0016143176020408	0.318000637755102	196.98765432098764	65.0	595.4869880476012	0.8591955680756878	0.6169859564257841	117.7465300589541	0.07938075943108558	4.35493722739279	4.275556467961705
TUM-TCGA-VPTFVRGH	TUM-TCGA-VPTFVRGH.tif	TUM	data/raw/crc_val_7k/CRC-VAL-HE-7K/TUM/TUM-TCGA-VPTFVRGH.tif	171.00167410714286	100.7796556122449	153.98826132015307	32.0217939188539	29.748788063914528	24.2711222270686	141.92319701318027	28.09399491084361	4.743030310247797	0.1000079719387755	57	0.0011360012755102	0.3403419961734694	299.5964912280702	80.0	728.8844121693631	0.8767688786439717	0.6395286965701527	156.21748808671737	0.08118291341095141	4.03777800131409	4.118960914725041
TUM-TCGA-YIWRMPNS	TUM-TCGA-YIWRMPNS.tif	TUM	data/raw/crc_val_7k/CRC-VAL-HE-7K/TUM/TUM-TCGA-YIWRMPNS.tif	168.23363759566325	103.78300382653062	156.10997289540816	35.33885994272734	35.814702398282414	28.62394210402404	142.7088714392007	32.6973856948058	4.885101165410321	0.1000079719387755	89	0.001773756377551	0.3438297193877551	193.8426966292135	86.0	244.31858455972505	0.8763606578736286	0.6230230923931931	110.01996119797592	0.0857548841977902	4.122716164516235	4.036961280318445
TUM-TCGA-DTRMVHAV	TUM-TCGA-DTRMVHAV.tif	TUM	data/raw/crc_val_7k/CRC-VAL-HE-7K/TUM/TUM-TCGA-DTRMVHAV.tif	176.17281170280611	111.42900988520408	162.24330357142858	33.835455090186336	36.19382499016797	27.951333774073845	149.94837505314624	32.02119375310345	4.870077004912039	0.1000079719387755	63	0.0012555803571428	0.3283641581632653	261.5238095238095	59.0	869.6117516682119	0.8610806957922958	0.6499720851607547	139.09541267637323	0.08926130052108894	3.0107993766291745	3.1000606771502635
TUM-TCGA-EFPRVVHW	TUM-TCGA-EFPRVVHW.tif	TUM	data/raw/crc_val_7k/CRC-VAL-HE-7K/TUM/TUM-TCGA-EFPRVVHW.tif	168.11720742984693	102.44626913265306	155.35054607780611	36.68920725977582	35.48707949854046	27.32340578638556	141.97134088010202	32.47856644226531	4.882201151169186	0.0999880420918367	80	0.001594387755102	0.2970145089285714	186.2875	51.5	394.88872463486473	0.8556749497534166	0.6402367015383342	111.66479521884116	0.09306761847495837	3.72123085935534	3.8142984778302984
STR-TCGA-TKEWWTNR	STR-TCGA-TKEWWTNR.tif	STR	data/raw/crc_val_7k/CRC-VAL-HE-7K/STR/STR-TCGA-TKEWWTNR.tif	186.39393335459184	120.96221301020408	174.95940290178572	41.4090214978584	53.62438720822064	39.49172050184405	160.7718497555272	43.92821399461746	5.069800536125917	0.1000079719387755	98	0.001953125	0.32421875	166.0	90.0	239.9876272320925	0.8498600973701496	0.6948136000767411	76.88912039032131	0.0933037175872169	3.3261853455501242	3.2328816279629073
TUM-TCGA-FPRMDWFA	TUM-TCGA-FPRMDWFA.tif	TUM	data/raw/crc_val_7k/CRC-VAL-HE-7K/TUM/TUM-TCGA-FPRMDWFA.tif	205.4223333864796	163.40569196428572	196.10355548469389	41.2599326450824	66.50579884327881	44.77352393530767	188.31052694515307	50.30169551750412	4.576986137009175	0.1000079719387755	40	0.000797193877551	0.2505580357142857	314.3	84.5	744.3478084874033	0.8443469479691096	0.7098122694049194	105.71577284992618	0.09662096265820264	5.161238908903285	5.064617946245082
TUM-TCGA-RSSDDFQG	TUM-TCGA-RSSDDFQG.tif	TUM	data/raw/crc_val_7k/CRC-VAL-HE-7K/TUM/TUM-TCGA-RSSDDFQG.tif	174.30385044642858	108.80636160714286	160.70721061862244	37.7811477944882	39.13335833686244	29.88595711535531	147.9391408907313	34.958144324998415	4.943509910007849	0.1000079719387755	78	0.0015545280612244	0.3407206632653061	219.1794871794872	81.0	588.1147137270934	0.8413250405784316	0.7391809001160843	82.33453949055705	0.09691356701894227	2.6253600440689784	2.7222736110879207
TUM-TCGA-MDWSYKHT	TUM-TCGA-MDWSYKHT.tif	TUM	data/raw/crc_val_7k/CRC-VAL-HE-7K/TUM/TUM-TCGA-MDWSYKHT.tif	174.95842633928572	106.9470065369898	158.44240274234693	33.71116177469433	37.09676647788958	28.12732400542968	146.78261187287416	32.16101257213146	4.860192324824592	0.1000079719387755	76	0.0015146683673469	0.3028340242346938	199.93421052631572	59.5	415.6846393071984	0.8354106155068083	0.6555363350205694	101.9443067355772	0.09909586360459732	3.257659685398093	3.1585638217934955
TUM-TCGA-KNELMEDP	TUM-TCGA-KNELMEDP.tif	TUM	data/raw/crc_val_7k/CRC-VAL-HE-7K/TUM/TUM-TCGA-KNELMEDP.tif	172.26231664540816	102.80008370535714	155.86453683035714	32.96740506140336	31.780130817179217	24.85341923600738	143.6423123937075	29.212784927736426	4.778272119954984	0.1000079719387755	68	0.0013552295918367	0.3088926977040816	227.9264705882353	41.5	536.7343607457885	0.8490182831336008	0.6438700093670926	120.80035538460822	0.10000521391148132	3.752184779974302	3.652179566062821
STR-TCGA-KNNRTPNN	STR-TCGA-KNNRTPNN.tif	STR	data/raw/crc_val_7k/CRC-VAL-HE-7K/STR/STR-TCGA-KNNRTPNN.tif	189.09646045918367	129.6385722257653	174.0370097257653	41.403354762895255	49.1685481560775	36.389399860571984	164.25734747023813	41.53344333818765	5.1127393988128205	0.0999681122448979	64	0.0012755102040816	0.2046994579081632	160.484375	103.0	161.3076439783911	0.8016005954433556	0.77714456311511	64.21742476944547	0.10053074671517637	4.087161209669191	3.986630462954015
TUM-TCGA-HNAHRVNQ	TUM-TCGA-HNAHRVNQ.tif	TUM	data/raw/crc_val_7k/CRC-VAL-HE-7K/TUM/TUM-TCGA-HNAHRVNQ.tif	206.72217793367344	168.94565130739795	199.8718909438776	37.661481387926514	64.4554862030566	42.31832429915092	191.84657339498293	47.84180396816845	4.17540465511804	0.0999282525510204	22	0.000438456632653	0.3061822385204081	698.3181818181819	43.0	2374.048027130868	0.883664124337029	0.6688327070739404	247.83385137169464	0.10167356453340126	8.684534112630168	8.786207677163569
TUM-TCGA-FKSKGGHA	TUM-TCGA-FKSKGGHA.tif	TUM	data/raw/crc_val_7k/CRC-VAL-HE-7K/TUM/TUM-TCGA-FKSKGGHA.tif	197.1486367984694	147.2167370854592	185.4929846938776	40.1814571053906	61.70563652088662	42.27151817260782	176.6194528592687	47.4404262065634	4.881272945419813	0.1000079719387755	44	0.0008769132653061	0.2397959183673469	273.45454545454544	74.0	853.5611618535565	0.859818587355202	0.6993898175743247	100.79419596581891	0.10285871857167095	3.5684503947504274	3.6713091133220983
TUM-TCGA-GHVDWHYR	TUM-TCGA-GHVDWHYR.tif	TUM	data/raw/crc_val_7k/CRC-VAL-HE-7K/TUM/TUM-TCGA-GHVDWHYR.tif	172.64584661989795	106.03579400510203	158.33083545918367	35.76150525049695	34.496864145615255	27.33096316597842	145.67082536139458	31.932803098958374	4.871461329243935	0.1000079719387755	79	0.0015744579081632	0.2932876275510204	186.27848101265823	64.0	341.45266501863125	0.8450651504257765	0.635577839532602	107.29267854357812	0.108153835929925	3.5889379469601295	3.4807841110302045
TUM-TCGA-LTVRAWDG	TUM-TCGA-LTVRAWDG.tif	TUM	data/raw/crc_val_7k/CRC-VAL-HE-7K/TUM/TUM-TCGA-LTVRAWDG.tif	176.20278619260205	118.02058753188776	167.22837611607142	35.53472429146664	41.39234766926338	31.386047618871142	153.81724994685374	35.51157386702099	4.95557123276186	0.1000079719387755	71	0.001415019132653	0.2872090242346938	202.9718309859155	83.0	338.3840626483375	0.8099118394791625	0.7061879187825718	100.68351720916382	0.10887023584662714	2.4475885086408415	2.5564587444874687
TUM-TCGA-MRRTVLCT	TUM-TCGA-MRRTVLCT.tif	TUM	data/raw/crc_val_7k/CRC-VAL-HE-7K/TUM/TUM-TCGA-MRRTVLCT.tif	174.22638313137756	111.13464604591836	165.98744419642858	37.90313063248046	40.06245431524629	30.95650509128239	150.44949112457485	35.75597207346902	4.964092549937512	0.0999880420918367	87	0.0017338966836734	0.3351801658163265	193.31034482758625	95.0	312.7480463051643	0.7896662505189804	0.7683063527822839	72.6933273219295	0.1138891499488155	3.393775182930499	3.5076643328793145
TUM-TCGA-PMFSWNQI	TUM-TCGA-PMFSWNQI.tif	TUM	data/raw/crc_val_7k/CRC-VAL-HE-7K/TUM/TUM-TCGA-PMFSWNQI.tif	172.2058553890306	114.17494419642856	164.30612244897958	36.38601021643891	41.32311912457418	31.03846965231139	150.2289740114796	35.72343827595874	4.9530054982089045	0.0999880420918367	85	0.0016940369897959	0.2943239795918367	173.74117647058824	57.0	251.2034634896664	0.830760501071086	0.6799606766946088	84.87708254620257	0.11397384509335495	3.0391956987016746	2.9252218536083197
TUM-TCGA-PPQCVIMM	TUM-TCGA-PPQCVIMM.tif	TUM	data/raw/crc_val_7k/CRC-VAL-HE-7K/TUM/TUM-TCGA-PPQCVIMM.tif	195.5444634885204	142.41527822066325	182.0870137117347	47.62158236412336	63.19088169073731	45.22937001939354	173.34891847363946	51.27084158950529	5.172946709709052	0.1000079719387755	106	0.0021125637755102	0.2190688775510204	103.69811320754717	72.5	96.19596447536496	0.7925321198740787	0.773292668503375	51.36560276514879	0.11487846956451175	5.224551836525681	5.109673366961169
TUM-TCGA-CQIWAHAK	TUM-TCGA-CQIWAHAK.tif	TUM	data/raw/crc_val_7k/CRC-VAL-HE-7K/TUM/TUM-TCGA-CQIWAHAK.tif	174.3358378507653	105.98220264668367	158.1053093112245	37.570220127876894	38.75855760174437	30.37863785534859	146.14111660289117	34.83367920197916	4.946588761377738	0.0999880420918367	80	0.001594387755102	0.3129583864795918	196.2875	90.5	311.8129324510932	0.8422770860070287	0.7583259902520025	79.7575468531916	0.11779672801328012	3.06703395379763	2.94923722578435
TUM-TCGA-MAKRISYG	TUM-TCGA-MAKRISYG.tif	TUM	data/raw/crc_val_7k/CRC-VAL-HE-7K/TUM/TUM-TCGA-MAKRISYG.tif	178.09070073341837	108.89937420280611	159.9384167729592	35.257160510829515	38.04504594521045	29.235927746830303	148.9761639030612	33.418695288837505	4.8987749107173455	0.0999681122448979	59	0.0011758609693877	0.3043486926020408	258.8305084745763	70.0	625.3459558460115	0.8437286635731976	0.7135276971357815	103.78065332809348	0.11804141378648847	3.3910382321529	3.5090796459393885
TUM-TCGA-SWQSYGEH	TUM-TCGA-SWQSYGEH.tif	TUM	data/raw/crc_val_7k/CRC-VAL-HE-7K/TUM/TUM-TCGA-SWQSYGEH.tif	170.19015066964286	102.77562978316328	156.3029934630102	34.882464471079885	31.997575953040453	24.671446193969544	143.0895913052721	29.88564741630739	4.800826299425848	0.1000079719387755	73	0.0014548788265306	0.2875279017857143	197.63013698630132	38.0	473.5624101974692	0.8504340975945298	0.6371423986889169	119.24365271078938	0.11904316203927667	3.8185486218534126	3.699505459814136
TUM-TCGA-NPCRHVQP	TUM-TCGA-NPCRHVQP.tif	TUM	data/raw/crc_val_7k/CRC-VAL-HE-7K/TUM/TUM-TCGA-NPCRHVQP.tif	166.71338887117346	96.30829480229592	150.65467554209184	33.12095218738968	30.97509439806784	24.62416619518946	137.8921197385204	28.85015242118244	4.748589046696578	0.1000079719387755	73	0.0014548788265306	0.3278260522959184	225.3287671232877	45.0	528.6562975632415	0.8465908620562838	0.6622560022410938	128.7326181929329	0.12009126527292713	3.948511638992366	4.068602904265293
TUM-TCGA-WHSQYKTS	TUM-TCGA-WHSQYKTS.tif	TUM	data/raw/crc_val_7k/CRC-VAL-HE-7K/TUM/TUM-TCGA-WHSQYKTS.tif	166.44266183035714	94.98166454081633	149.7146843112245	32.48537342511236	29.40944203549257	23.568535663843026	137.04633689413268	27.810010708959883	4.721011666697841	0.1000079719387755	81	0.0016143176020408	0.3449657206632653	213.69135802469137	44.0	827.7440804770654	0.8277713950811773	0.6469234811692767	111.86815682095236	0.1205660825674233	4.389349593999355	4.509915676566778
TUM-TCGA-CHMYWLYC	TUM-TCGA-CHMYWLYC.tif	TUM	data/raw/crc_val_7k/CRC-VAL-HE-7K/TUM/TUM-TCGA-CHMYWLYC.tif	169.56720344387756	103.6048509247449	155.89839764030611	37.21048032398976	37.26738129318919	29.181403145227275	143.0234840029762	33.90135336414998	4.919796301585033	0.1000079719387755	86	0.0017139668367346	0.3106265943877551	181.2325581395349	58.0	304.49094668706675	0.858095314830818	0.6257350681212608	106.12261689791896	0.12200093450678517	3.771815993125947	3.893816927632732
TUM-TCGA-HISRALSR	TUM-TCGA-HISRALSR.tif	TUM	data/raw/crc_val_7k/CRC-VAL-HE-7K/TUM/TUM-TCGA-HISRALSR.tif	173.2429049744898	104.87577726403062	156.66440130739795	35.39486215010448	36.26934265782178	28.818917596468896	144.92769451530611	32.86306414337617	4.891183547228457	0.1000079719387755	76	0.0015146683673469	0.2940051020408163	194.1052631578948	93.0	470.5792784863356	0.8812197964719066	0.6166916116573581	111.19888826695076	0.12718386731582498	3.868426210675161	3.741242343359336
TUM-TCGA-CPTKLVLW	TUM-TCGA-CPTKLVLW.tif	TUM	data/raw/crc_val_7k/CRC-VAL-HE-7K/TUM/TUM-TCGA-CPTKLVLW.tif	192.64235889668367	141.07449776785714	181.1315369897959	47.10531453132487	60.19645431743682	45.2188656631234	171.61613121811226	50.20253877179919	5.2195312520025166	0.1000079719387755	105	0.0020926339285714	0.1704799107142857	81.46666666666667	58.0	71.32328367125838	0.8076231018905063	0.674270562604999	51.09799866940565	0.1290611568486062	5.056097656751568	4.927036499902962
TUM-TCGA-TEQLQGAA	TUM-TCGA-TEQLQGAA.tif	TUM	data/raw/crc_val_7k/CRC-VAL-HE-7K/TUM/TUM-TCGA-TEQLQGAA.tif	175.3605508609694	116.06487165178572	165.86447704081633	36.77655547455237	39.29763918110521	30.18026742773624	152.42996651785717	34.883291580647	4.956862385422502	0.1000079719387755	90	0.0017936862244897	0.2934271364795918	163.5888888888889	64.0	236.6658166390577	0.8025358885450264	0.6690660481574365	86.47255246500701	0.13031947102009322	3.3220660803172883	3.191746609297195
TUM-TCGA-TMHCWTSV	TUM-TCGA-TMHCWTSV.tif	TUM	data/raw/crc_val_7k/CRC-VAL-HE-7K/TUM/TUM-TCGA-TMHCWTSV.tif	210.5817721619898	177.1993781887755	204.1971061862245	43.73904119508754	68.34086566771627	46.95174173439894	197.32608551233	52.65490037847562	4.276269527800251	0.1000079719387755	21	0.0004185267857142	0.2173748405612245	519.3809523809524	75.0	1478.3170442928376	0.8666832557753662	0.7318064991843122	115.26049090196844	0.13073560144907947	7.012232928128408	6.8814973266793285
STR-TCGA-DTYRTLQQ	STR-TCGA-DTYRTLQQ.tif	STR	data/raw/crc_val_7k/CRC-VAL-HE-7K/STR/STR-TCGA-DTYRTLQQ.tif	165.6896125637755	96.5964205994898	160.96352838010205	39.89948408487162	32.05011531218923	31.648381987844072	141.08318718112247	33.25847904346103	4.913751764730309	0.0999880420918367	86	0.0017139668367346	0.2062539859693877	120.33720930232558	44.0	224.3624357350316	0.8393740729972777	0.6543079848343475	68.93362735265869	0.13134596242886998	3.816249035588807	3.684903073159937
TUM-TCGA-LTGWRHLF	TUM-TCGA-LTGWRHLF.tif	TUM	data/raw/crc_val_7k/CRC-VAL-HE-7K/TUM/TUM-TCGA-LTGWRHLF.tif	186.11736686862244	128.02026865433675	172.05678013392858	43.137658927158455	55.65065985250904	40.48781961303506	162.0648052189626	45.73276430833846	5.134461352112598	0.1000079719387755	94	0.0018734056122448	0.2798947704081632	149.40425531914894	45.5	496.68566024023215	0.8176407094073614	0.7567112671881767	59.02691002533918	0.13206765880809446	3.501753218097461	3.6338208769055553
TUM-TCGA-FICIVRFQ	TUM-TCGA-FICIVRFQ.tif	TUM	data/raw/crc_val_7k/CRC-VAL-HE-7K/TUM/TUM-TCGA-FICIVRFQ.tif	159.69836176658163	93.8110052614796	148.35046635841837	35.882011205944664	29.620107033074703	25.12231004020852	133.95327779549322	29.692474416466865	4.80689611730376	0.1000079719387755	122	0.0024314413265306	0.3180404974489796	130.8032786885246	62.0	217.4329985115167	0.7798801937327466	0.7138545990600695	70.92875827203541	0.13336172244301636	5.521639033620462	5.388277311177446
TUM-TCGA-PQVKLCAE	TUM-TCGA-PQVKLCAE.tif	TUM	data/raw/crc_val_7k/CRC-VAL-HE-7K/TUM/TUM-TCGA-PQVKLCAE.tif	172.27032844387756	103.63966836734694	156.6151745854592	34.229247255607184	32.08111356636295	24.583396822971405	144.17505713222792	29.65764058894496	4.796035465973155	0.1000079719387755	74	0.0014748086734693	0.3176817602040816	215.40540540540545	67.0	425.5352724262581	0.8542910370217601	0.6221989515534392	115.23468023879516	0.13718231684774373	4.000025716483323	3.8628433996355795
STR-TCGA-CHDVPVNT	STR-TCGA-CHDVPVNT.tif	STR	data/raw/crc_val_7k/CRC-VAL-HE-7K/STR/STR-TCGA-CHDVPVNT.tif	171.65473533163265	102.69887994260203	156.25548070790816	34.97579526874588	35.77388536438765	27.896730968137685	143.53636532738096	32.13567196782628	4.863208033638705	0.0999880420918367	73	0.0014548788265306	0.3103475765306122	213.31506849315068	88.0	448.5189593498007	0.8867028381364606	0.6335144500454174	103.69910053710448	0.14343273090274744	3.8732208759565245	3.729788145053777
TUM-TCGA-IDKHVFHM	TUM-TCGA-IDKHVFHM.tif	TUM	data/raw/crc_val_7k/CRC-VAL-HE-7K/TUM/TUM-TCGA-IDKHVFHM.tif	180.4553372130102	115.34921077806122	164.3416972257653	42.40887493913044	48.41973117318504	36.51618616316041	153.38208173894557	41.77806131090741	5.112227817439884	0.1000079719387755	96	0.0019132653061224	0.2924705038265306	152.86458333333334	86.0	175.17697121956334	0.8461417903631406	0.681031400125177	75.91275135687094	0.14641841105643616	3.2314759109520774	3.3778943220085136
TUM-TCGA-EINENHRR	TUM-TCGA-EINENHRR.tif	TUM	data/raw/crc_val_7k/CRC-VAL-HE-7K/TUM/TUM-TCGA-EINENHRR.tif	169.7654655612245	102.11768574617346	155.77897799744898	35.448928258029845	33.090343967274585	25.86969209535692	142.55404310161563	30.869483236705108	4.839805147662714	0.1000079719387755	91	0.0018136160714285	0.3002232142857143	165.53846153846155	60.0	406.54641159952	0.8248163987118877	0.6489770031122105	94.3305606637676	0.15021399577732542	3.9935203966772077	3.8433064008998823
STR-TCGA-MLAPVYMI	STR-TCGA-MLAPVYMI.tif	STR	data/raw/crc_val_7k/CRC-VAL-HE-7K/STR/STR-TCGA-MLAPVYMI.tif	191.16019610969389	136.9637077487245	180.29362643494892	43.57544540720187	58.292473052162045	42.09428690439967	169.4725100977891	47.28361122591822	5.185062710278434	0.1000079719387755	59	0.0011758609693877	0.184829400510204	157.1864406779661	110.0	159.87553152016932	0.8351781423382508	0.7257838895762396	72.49841632666369	0.15395796756929503	3.463118408845876	3.617076376415171
TUM-TCGA-SQVFGSPN	TUM-TCGA-SQVFGSPN.tif	TUM	data/raw/crc_val_7k/CRC-VAL-HE-7K/TUM/TUM-TCGA-SQVFGSPN.tif	184.1341876594388	120.4730149872449	167.5310507015306	43.381976496874486	52.35487668488189	38.516522082788505	157.3794177827381	43.98758300858114	5.131651411830365	0.1000079719387755	115	0.0022919323979591	0.2747927295918367	119.89565217391304	80.0	139.3642318226997	0.8174241875189212	0.72177162432895	56.55162805229527	0.15420896519848082	4.133344543372476	3.979135578173995
TUM-TCGA-CLVNGWNI	TUM-TCGA-CLVNGWNI.tif	TUM	data/raw/crc_val_7k/CRC-VAL-HE-7K/TUM/TUM-TCGA-CLVNGWNI.tif	164.4479830994898	95.28864397321428	150.0289381377551	30.30941436926616	28.80971939515188	23.07598828410746	136.58852173681973	26.766868094843648	4.684990708442648	0.1000079719387755	71	0.001415019132653	0.353156887755102	249.5774647887324	48.0	562.147458524867	0.8281475911529245	0.6580394356808237	125.93561056669674	0.15533719052598371	4.399021688664975	4.554358879190959
TUM-TCGA-DLIRLRLL	TUM-TCGA-DLIRLRLL.tif	TUM	data/raw/crc_val_7k/CRC-VAL-HE-7K/TUM/TUM-TCGA-DLIRLRLL.tif	170.0372688137755	100.21265146683672	153.77834024234693	33.8567785742128	33.34988730768494	25.752889356179686	141.34275350765307	30.25187338151774	4.794647066935149	0.0999880420918367	68	0.0013552295918367	0.3223852040816326	237.8823529411765	60.5	651.0193484386792	0.8520492156638766	0.662985188439624	124.98111147170232	0.15622567009205168	3.57323718253316	3.7294628526252116
STR-TCGA-IRPIMWDI	STR-TCGA-IRPIMWDI.tif	STR	data/raw/crc_val_7k/CRC-VAL-HE-7K/STR/STR-TCGA-IRPIMWDI.tif	164.91063456632654	97.75615832270408	152.48885921556123	36.49362169658624	34.97245225936562	28.168038842542146	138.38521736819726	32.44339833514291	4.860423976044163	0.0999481823979591	74	0.0014748086734693	0.2805125956632653	190.2027027027027	84.5	344.14178330990615	0.822930452784529	0.7378634448689297	76.57952542488121	0.15815333630861605	5.175204514699673	5.333357851008289
TUM-TCGA-SSWNCSGL	TUM-TCGA-SSWNCSGL.tif	TUM	data/raw/crc_val_7k/CRC-VAL-HE-7K/TUM/TUM-TCGA-SSWNCSGL.tif	175.2684948979592	107.14542809311224	160.2588488520408	32.94582692683295	32.070245306084544	24.085512812427588	147.55759061437075	29.02794872754658	4.712518802852048	0.1000079719387755	57	0.0011360012755102	0.3555883290816326	313.0175438596491	114.0	869.6364332340283	0.8067966126908304	0.7420025001999684	113.64521777494092	0.15839465296804933	3.2924642872108154	3.4508589401788647
TUM-TCGA-EGPFWVRL	TUM-TCGA-EGPFWVRL.tif	TUM	data/raw/crc_val_7k/CRC-VAL-HE-7K/TUM/TUM-TCGA-EGPFWVRL.tif	161.0045838647959	91.5361926020408	147.4299465880102	31.03059552204033	26.74762480597808	22.03044431614845	133.3235743516156	25.978426784868685	4.63341372594469	0.1000079719387755	98	0.001953125	0.3210897640306122	164.39795918367346	90.0	197.1219315910901	0.7749784179797283	0.713224333381202	78.52895238464497	0.15919016111689732	5.416845969860187	5.25765580874329
TUM-TCGA-YGNCMWVW	TUM-TCGA-YGNCMWVW.tif	TUM	data/raw/crc_val_7k/CRC-VAL-HE-7K/TUM/TUM-TCGA-YGNCMWVW.tif	172.28101084183675	108.72895408163264	164.6290058992347	37.02301174915675	38.900910618249206	29.85817712265196	148.54632360756804	34.72073540824678	4.934855539201696	0.0999880420918367	79	0.0015744579081632	0.3507453762755102	222.77215189873417	143.0	232.09676884988983	0.8094879443221481	0.7646694367884403	81.18057788783169	0.15933677090255172	3.093895610457132	3.2532323813596835
TUM-TCGA-VVWTVCVM	TUM-TCGA-VVWTVCVM.tif	TUM	data/raw/crc_val_7k/CRC-VAL-HE-7K/TUM/TUM-TCGA-VVWTVCVM.tif	172.87209024234693	107.40981744260203	158.8458027742347	39.618260516961314	41.96493301265774	32.04028399733852	146.37590348639458	37.15836740554547	4.997229604739675	0.1000079719387755	97	0.0019331951530612	0.2939453125	152.05154639175257	56.0	322.47641554086226	0.8393715466848807	0.635717916474793	86.9690598484814	0.15965714891005467	3.670364084189487	3.830021233099542
TUM-TCGA-WIHKSRHN	TUM-TCGA-WIHKSRHN.tif	TUM	data/raw/crc_val_7k/CRC-VAL-HE-7K/TUM/TUM-TCGA-WIHKSRHN.tif	201.1226881377551	154.9948580994898	189.55678013392856	41.39306146619653	69.69026383758484	46.45260500753192	181.8914421237245	51.902509899523935	4.354658445225698	0.1000079719387755	59	0.0011758609693877	0.1982621173469387	168.61016949152545	48.0	446.6014420399632	0.8001190713944959	0.7479188202504349	67.32488012202364	0.1617305908960498	5.440040672267829	5.278310081371779
TUM-TCGA-MWKKHKAY	TUM-TCGA-MWKKHKAY.tif	TUM	data/raw/crc_val_7k/CRC-VAL-HE-7K/TUM/TUM-TCGA-MWKKHKAY.tif	171.7091836734694	105.36405851403062	162.2575135522959	35.26186952115526	34.39276869817503	27.487414381240864	146.44358524659862	31.88845319538395	4.858156068594122	0.1000079719387755	79	0.0015744579081632	0.357242506377551	226.8987341772152	97.0	371.6283223846074	0.7833188617876209	0.7628464129859048	84.47473783813248	0.16443261792824115	3.508887616692206	3.673320234620447
TUM-TCGA-LFFKNQCA	TUM-TCGA-LFFKNQCA.tif	TUM	data/raw/crc_val_7k/CRC-VAL-HE-7K/TUM/TUM-TCGA-LFFKNQCA.tif	191.5994300063776	130.36047114158163	174.50129544005102	43.45701733187651	56.19062717570609	40.5399649468048	165.4870655293367	45.95496717876098	5.144600989189265	0.1000079719387755	105	0.0020926339285714	0.2351921237244898	112.3904761904762	77.0	136.54634623893023	0.7995599943511056	0.7104172325117052	58.83497832405848	0.16688428518236798	4.198488130447024	4.031603845264656
TUM-TCGA-HVCWNIQS	TUM-TCGA-HVCWNIQS.tif	TUM	data/raw/crc_val_7k/CRC-VAL-HE-7K/TUM/TUM-TCGA-HVCWNIQS.tif	165.54649633290816	97.7705078125	152.13125797193877	30.46245831299779	28.82508924597949	22.3672563197495	138.48275403911566	26.48956371700472	4.680776997106761	0.1000079719387755	65	0.0012954400510204	0.3406808035714285	262.9846153846154	92.0	408.2215270510964	0.832770818556268	0.6310870408494915	146.68854304713534	0.16695427329892532	4.501195680611516	4.668149953910441
TUM-TCGA-SWPDLYWW	TUM-TCGA-SWPDLYWW.tif	TUM	data/raw/crc_val_7k/CRC-VAL-HE-7K/TUM/TUM-TCGA-SWPDLYWW.tif	172.27973533163265	120.2026068239796	171.65603077168367	38.21445094331905	43.545197181836016	33.15305909789922	154.7127909757653	37.9035626311919	5.022668935528632	0.0999681122448979	101	0.0020129145408163	0.3398636798469387	168.84158415841586	78.0	309.316676866265	0.8439910896469617	0.6611133582024313	88.3036524641736	0.16831728651779088	4.265741337624847	4.0974240511070565
TUM-TCGA-RPPRLRGP	TUM-TCGA-RPPRLRGP.tif	TUM	data/raw/crc_val_7k/CRC-VAL-HE-7K/TUM/TUM-TCGA-RPPRLRGP.tif	166.7247090242347	98.7857740752551	152.11160714285714	34.71613499244424	36.315840729594846	27.820941808161567	139.20736341411566	32.13566429369	4.780347824209803	0.1000079719387755	82	0.0016342474489795	0.3284837372448979	201.0	69.0	363.74414755161183	0.8131932460231845	0.7484873999942895	85.44539730702068	0.16909541066543454	3.579069191517818	3.7481646021832526
TUM-TCGA-GFCTKHTH	TUM-TCGA-GFCTKHTH.tif	TUM	data/raw/crc_val_7k/CRC-VAL-HE-7K/TUM/TUM-TCGA-GFCTKHTH.tif	188.70942283163265	122.3902662627551	169.48937739158163	37.06106243794316	43.39089864729901	31.097319088743472	160.19635549532313	36.1759875508184	4.923741010524085	0.1000079719387755	66	0.0013153698979591	0.2138273278061224	162.56060606060606	145.0	124.5868479838132	0.7583663537099247	0.7379363252189226	74.58517967802739	0.1706028003115141	3.4126765683134725	3.2420737680019585
TUM-TCGA-ICWMRSLV	TUM-TCGA-ICWMRSLV.tif	TUM	data/raw/crc_val_7k/CRC-VAL-HE-7K/TUM/TUM-TCGA-ICWMRSLV.tif	169.5119778380102	102.59249441964286	155.36059072066325	33.325822828279975	33.665210460597365	26.28604441639114	142.48835432610545	30.351862897049774	4.78045088164798	0.1000079719387755	76	0.0015146683673469	0.3161471619897959	208.7236842105264	77.5	484.6839610206192	0.7991486114827656	0.7036397428772456	105.9775693402497	0.17296373095654394	3.4954391173710357	3.6684028483275797
TUM-TCGA-QWNAICLM	TUM-TCGA-QWNAICLM.tif	TUM	data/raw/crc_val_7k/CRC-VAL-HE-7K/TUM/TUM-TCGA-QWNAICLM.tif	196.43455038265307	140.67185507015307	181.1649394132653	40.855825077345465	59.87498004414192	41.778951719597046	172.75711495535714	46.66500924837741	5.006228690086116	0.1000079719387755	51	0.0010164221938775	0.2268415178571428	223.1764705882353	49.0	622.9377807309917	0.8172173672476513	0.7685653730427644	74.04911718226457	0.17573096040023817	3.4537472068857786	3.629478167286017
TUM-TCGA-IFGTYIRN	TUM-TCGA-IFGTYIRN.tif	TUM	data/raw/crc_val_7k/CRC-VAL-HE-7K/TUM/TUM-TCGA-IFGTYIRN.tif	176.8351602359694	111.22795758928572	161.90184550382654	34.069263514265906	35.646625256277304	27.27923679260424	149.98832110969386	31.58360861311936	4.838092691942625	0.1000079719387755	56	0.0011160714285714	0.2596460459183674	232.6428571428572	55.0	453.12338388170633	0.825906758533938	0.7133808406868111	109.69841650368129	0.17665908940368436	2.750861808492957	2.5742027190892727
TUM-TCGA-LKSSDCWG	TUM-TCGA-LKSSDCWG.tif	TUM	data/raw/crc_val_7k/CRC-VAL-HE-7K/TUM/TUM-TCGA-LKSSDCWG.tif	177.71785315688774	107.21775350765306	158.99368223852042	32.212084010951	34.94315058524589	26.98641660590512	147.97642963435376	30.62439113005633	4.823913717484488	0.1000079719387755	65	0.0012954400510204	0.2853954081632653	220.30769230769232	85.0	355.5729903680677	0.7975472041629543	0.6291368890030675	119.22298750684152	0.17795025457459124	3.6999690937951777	3.877919348369769
TUM-TCGA-PCVMMFFN	TUM-TCGA-PCVMMFFN.tif	TUM	data/raw/crc_val_7k/CRC-VAL-HE-7K/TUM/TUM-TCGA-PCVMMFFN.tif	169.5421914859694	102.74910315688776	155.1014628507653	36.121714165138975	34.88711765893467	28.44828878821035	142.46425249787418	32.528261076673225	4.888155369104278	0.1000079719387755	102	0.0020328443877551	0.3015585140306122	148.34313725490196	49.0	223.6007249934772	0.8380603755710908	0.6186692735641908	89.92382645785803	0.17949173375486804	4.468724617917932	4.289232884163064
TUM-TCGA-RRSKNENA	TUM-TCGA-RRSKNENA.tif	TUM	data/raw/crc_val_7k/CRC-VAL-HE-7K/TUM/TUM-TCGA-RRSKNENA.tif	199.2905173788265	155.49431999362244	190.1097935267857	40.725009388233815	62.68990955861333	42.88740843238277	181.63154363307825	48.21395222165592	4.794369048632629	0.0999880420918367	48	0.0009566326530612	0.2188097895408163	228.72916666666663	82.0	418.8348789391498	0.846235917535194	0.6939389731080876	96.41629684256289	0.18178912562164928	4.287367817643378	4.105578692021728
TUM-TCGA-MITGLEYM	TUM-TCGA-MITGLEYM.tif	TUM	data/raw/crc_val_7k/CRC-VAL-HE-7K/TUM/TUM-TCGA-MITGLEYM.tif	175.64518893494898	106.48106664540816	158.85704320790816	32.26984349696441	33.552736298966465	26.33212053378629	146.9944329294218	30.114245335365	4.814089480089077	0.1000079719387755	68	0.0013552295918367	0.2973931760204081	219.44117647058823	60.5	348.75675757117176	0.7890131795717018	0.6469981978623198	117.3135678686683	0.18205212230810242	3.690117491887291	3.8721696141953936
TUM-TCGA-INSPGKRH	TUM-TCGA-INSPGKRH.tif	TUM	data/raw/crc_val_7k/CRC-VAL-HE-7K/TUM/TUM-TCGA-INSPGKRH.tif	168.39704241071428	99.0953443877551	153.14620535714286	33.41335556659197	30.19504182329408	23.76201253568589	140.21286405187078	28.492626954338263	4.758268415975987	0.1000079719387755	66	0.0013153698979591	0.3031927614795918	230.5	67.5	403.7822038943992	0.8368218689485419	0.613379177048849	134.0663413784797	0.18528958333884482	4.2707586520472445	4.456048235386089
TUM-TCGA-GMKFRNGR	TUM-TCGA-GMKFRNGR.tif	TUM	data/raw/crc_val_7k/CRC-VAL-HE-7K/TUM/TUM-TCGA-GMKFRNGR.tif	203.70597496811223	156.87316645408163	190.84992825255105	40.83463065731897	67.14518613446717	45.9688659663067	183.80968989158163	50.61265175557253	4.506789493343865	0.1000079719387755	35	0.0006975446428571	0.2335578762755102	334.8285714285714	111.0	663.869973745474	0.8348651156029145	0.6809527380118198	112.28462475539246	0.18883017393683765	4.995919278807621	5.184749452744459
TUM-TCGA-KECNIDCQ	TUM-TCGA-KECNIDCQ.tif	TUM	data/raw/crc_val_7k/CRC-VAL-HE-7K/TUM/TUM-TCGA-KECNIDCQ.tif	183.7869897959184	120.00841039540816	166.78810586734693	42.098512380340125	47.73963127411772	35.922327970148515	156.86116868622446	41.0477182604016	5.092185512783258	0.0999880420918367	75	0.0014947385204081	0.1785913584183673	119.48	88.0	128.74008544350124	0.8235958451649423	0.7339428831299003	58.8966151691493	0.18883696439003028	3.0354571668679062	2.846620202477876
TUM-TCGA-SGNPFINT	TUM-TCGA-SGNPFINT.tif	TUM	data/raw/crc_val_7k/CRC-VAL-HE-7K/TUM/TUM-TCGA-SGNPFINT.tif	201.1824178890306	148.95559630102042	185.7884446747449	43.25013854771057	67.23987206990607	46.16357611936921	178.642152954932	51.26005792834384	4.734780934953146	0.0999880420918367	36	0.0007174744897959	0.2099210778061224	292.5833333333333	89.5	913.0146760108026	0.8508881257485258	0.7732401542022932	79.80734122428964	0.1891089823539378	4.504464243011995	4.693573225365933
TUM-TCGA-RWIVFGDV	TUM-TCGA-RWIVFGDV.tif	TUM	data/raw/crc_val_7k/CRC-VAL-HE-7K/TUM/TUM-TCGA-RWIVFGDV.tif	164.50083705357142	98.53641183035714	152.83396444515307	37.44742859555566	35.29462012225118	28.082686338001164	138.62373777636057	32.99386062606655	4.895061494851177	0.0999681122448979	102	0.0020328443877551	0.3185985331632653	156.72549019607845	49.5	284.54580791364737	0.8171321142246096	0.635981118757465	93.00877785927916	0.19054006646154065	5.00624922555015	5.19678929201169
TUM-TCGA-TEYQDWEQ	TUM-TCGA-TEYQDWEQ.tif	TUM	data/raw/crc_val_7k/CRC-VAL-HE-7K/TUM/TUM-TCGA-TEYQDWEQ.tif	171.02525111607142	106.07908163265306	162.62733179209184	38.38733219352426	39.53384762077326	31.029850978203527	146.57722151360545	35.750699229793895	4.964681640767029	0.1000079719387755	86	0.0017139668367346	0.3241589604591837	189.12790697674416	114.5	198.2227309913416	0.8015148626712129	0.7726594027836801	73.36755633615972	0.19056854366529397	3.277995830260801	3.468564373926095
STR-TCGA-FITESETE	STR-TCGA-FITESETE.tif	STR	data/raw/crc_val_7k/CRC-VAL-HE-7K/STR/STR-TCGA-FITESETE.tif	167.1569276147959	95.6690449617347	150.6501315369898	34.516129686642785	32.50251233931369	26.491493876908383	137.82536803784015	30.46795867732332	4.818024349492212	0.1000079719387755	96	0.0019132653061224	0.3294403698979591	172.1875	62.0	288.23371276983426	0.8298444546257713	0.703313966087364	79.9120328592583	0.191757522441653	4.14362606671063	3.951868544268977
TUM-TCGA-FWEEPTNM	TUM-TCGA-FWEEPTNM.tif	TUM	data/raw/crc_val_7k/CRC-VAL-HE-7K/TUM/TUM-TCGA-FWEEPTNM.tif	171.1756218112245	103.29729352678572	155.93686224489795	34.523137558416984	32.41996137777199	26.503665326539792	143.4699258609694	30.550573622040726	4.830733990501292	0.0999681122448979	98	0.001953125	0.305843431122449	156.59183673469389	64.0	258.304749485623	0.8207788396665977	0.6149918912565641	95.03424731023546	0.19643186713377592	5.17414950219718	4.977717635063404
TUM-TCGA-WGAYMLAF	TUM-TCGA-WGAYMLAF.tif	TUM	data/raw/crc_val_7k/CRC-VAL-HE-7K/TUM/TUM-TCGA-WGAYMLAF.tif	182.6452287946429	121.70280612244898	167.91569674744898	46.29378006621565	55.81484533347886	41.49117311589343	157.42124388818027	47.11820522476391	5.190962763673669	0.1000079719387755	116	0.0023118622448979	0.2878069196428571	124.49137931034484	80.0	122.55973179114824	0.8163886377986114	0.7349513312342199	59.38341291363335	0.19687304837384012	4.36068468055029	4.55755772892413
TUM-TCGA-CHLPPLAM	TUM-TCGA-CHLPPLAM.tif	TUM	data/raw/crc_val_7k/CRC-VAL-HE-7K/TUM/TUM-TCGA-CHLPPLAM.tif	172.46984614158163	106.11668925382654	158.2902383609694	36.5394082564574	36.10610233030788	28.44646999801836	145.62559125212584	33.1152137965025	4.906402738869792	0.1000079719387755	94	0.0018734056122448	0.3026945153061224	161.5744680851064	55.5	261.6346929205121	0.840029963821662	0.6371548284601904	95.87113992501077	0.19962855093284437	3.863718635392291	3.664090084459447
TUM-TCGA-KFTNHWTG	TUM-TCGA-KFTNHWTG.tif	TUM	data/raw/crc_val_7k/CRC-VAL-HE-7K/TUM/TUM-TCGA-KFTNHWTG.tif	173.10198102678572	105.42869100765306	157.2961575255102	34.87170625169658	33.8014137561636	27.16702148460673	145.27560985331633	31.280899629941	4.844347887440708	0.1000079719387755	78	0.0015545280612244	0.3347616390306122	215.34615384615384	62.5	375.31794476775855	0.8230081187266163	0.6343795049527469	118.19263184565884	0.20040529046513322	3.6040892297439613	3.8044945202090945
TUM-TCGA-PCLSPSVW	TUM-TCGA-PCLSPSVW.tif	TUM	data/raw/crc_val_7k/CRC-VAL-HE-7K/TUM/TUM-TCGA-PCLSPSVW.tif	174.47395169005102	108.49152981505102	160.5168008609694	31.08740287325264	32.95038823965087	24.544642790915123	147.82742745535717	28.77497329637927	4.760396415351799	0.1000079719387755	60	0.0011957908163265	0.3079559948979591	257.53333333333336	47.5	635.923749796747	0.8457685748862357	0.6561533508245554	139.9288804003077	0.20063261844032265	3.5349015705118716	3.334268952071549
TUM-TCGA-CGIVGFIV	TUM-TCGA-CGIVGFIV.tif	TUM	data/raw/crc_val_7k/CRC-VAL-HE-7K/TUM/TUM-TCGA-CGIVGFIV.tif	171.67261240433675	104.4506536989796	156.86134805484693	37.9259847775661	38.037501482408224	29.449665744596533	144.32820471938777	34.458742503181256	4.929618282127275	0.1000079719387755	73	0.0014548788265306	0.3124800701530612	214.78082191780825	46.0	464.7381424007117	0.8811004392396639	0.6532022765617729	119.5194053452402	0.20334827326493077	3.1899020232859083	3.393250296550839
TUM-TCGA-WGLVPLDQ	TUM-TCGA-WGLVPLDQ.tif	TUM	data/raw/crc_val_7k/CRC-VAL-HE-7K/TUM/TUM-TCGA-WGLVPLDQ.tif	181.3040696747449	128.74607382015307	176.5994499362245	38.5609277540631	49.09538449457274	36.4206644475986	162.2165311437075	40.64122291727863	5.067458481266788	0.1000079719387755	89	0.001773756377551	0.2637914540816326	148.7191011235955	48.0	264.27500950029884	0.8204584367538359	0.659803930383584	83.52711743978601	0.20421302592072887	3.309399347988712	3.105186322067983
TUM-TCGA-DKFSHQCN	TUM-TCGA-DKFSHQCN.tif	TUM	data/raw/crc_val_7k/CRC-VAL-HE-7K/TUM/TUM-TCGA-DKFSHQCN.tif	168.79274952168367	101.97405133928572	155.4324577487245	36.37183349638113	34.4716684053608	27.066984202808943	142.06641953656464	32.02229469458668	4.864654647075063	0.1000079719387755	105	0.0020926339285714	0.3105269451530612	148.3904761904762	56.0	276.09454885835225	0.8308894673597218	0.6363385271928269	93.49341024678507	0.2055171069356474	4.436763741760283	4.231246634824636
STR-TCGA-YEAHGKED	STR-TCGA-YEAHGKED.tif	STR	data/raw/crc_val_7k/CRC-VAL-HE-7K/STR/STR-TCGA-YEAHGKED.tif	189.2948222257653	132.96940768494898	182.4626913265306	46.53468507634859	63.856507735810105	44.81925021344664	168.24230707908163	50.892432343734825	5.139526884584278	0.0999880420918367	77	0.0015345982142857	0.2989477040816326	194.8051948051948	85.0	281.3643955618712	0.9008499571614584	0.70828264875921	84.20304196788801	0.2063071164058723	4.0269721822835	4.233279298689372
TUM-TCGA-HAEWWDPY	TUM-TCGA-HAEWWDPY.tif	TUM	data/raw/crc_val_7k/CRC-VAL-HE-7K/TUM/TUM-TCGA-HAEWWDPY.tif	193.3826331313776	144.4587850765306	183.0961216517857	40.37305332569706	59.86868149197656	40.8381558179226	173.64584661989795	46.401879447915626	4.89050726448748	0.1000079719387755	53	0.0010562818877551	0.2854551977040816	270.24528301886795	53.0	957.940812479351	0.8615354429913068	0.7143784545094911	113.8873219450088	0.2082611836592334	3.0541823436549276	3.262443527314161
TUM-TCGA-TVNIMDHV	TUM-TCGA-TVNIMDHV.tif	TUM	data/raw/crc_val_7k/CRC-VAL-HE-7K/TUM/TUM-TCGA-TVNIMDHV.tif	194.5205875318877	142.822265625	184.2108378507653	39.09478225572971	53.80742826814184	37.918712185207625	173.85123033588437	43.02777672047895	5.0197757527082505	0.1000079719387755	55	0.0010961415816326	0.2091438137755102	190.8	62.0	384.8212997318012	0.8452176004525008	0.6313020493043195	107.70116418667796	0.2090239222262653	3.7906174035249895	3.5815934812987242
TUM-TCGA-LPSDHIGG	TUM-TCGA-LPSDHIGG.tif	TUM	data/raw/crc_val_7k/CRC-VAL-HE-7K/TUM/TUM-TCGA-LPSDHIGG.tif	167.6736288265306	98.16364397321428	152.2564772002551	34.488398689498496	31.38782975884417	25.904549544041057	139.36458333333337	30.07246373268974	4.80889583152328	0.1000079719387755	68	0.0013552295918367	0.3376913265306122	249.1764705882353	47.0	681.2807778514643	0.8718194557467913	0.656545189837246	138.43947344644386	0.21321390732749412	3.7153090520894523	3.9285229594169464
STR-TCGA-FHPESKAV	STR-TCGA-FHPESKAV.tif	STR	data/raw/crc_val_7k/CRC-VAL-HE-7K/STR/STR-TCGA-FHPESKAV.tif	168.74037388392858	102.8042291135204	155.54434390943877	34.95297692207064	33.374550923808314	27.264909785661253	142.36298230229593	31.15549009447505	4.851040777924637	0.1000079719387755	72	0.0014349489795918	0.3167051977040816	220.7083333333333	114.5	265.38109062985046	0.8728723499100235	0.6867146703647908	96.34666851854418	0.2137563972928147	3.401155831558943	3.1873994342661285
TUM-TCGA-QIWCVCTM	TUM-TCGA-QIWCVCTM.tif	TUM	data/raw/crc_val_7k/CRC-VAL-HE-7K/TUM/TUM-TCGA-QIWCVCTM.tif	176.5583346619898	105.1595384247449	157.66798867984693	31.59352677055704	30.605124190764226	24.0450705591874	146.46195392219389	27.96726809382237	4.73910304609581	0.1000079719387755	53	0.0010562818877551	0.2988679846938775	282.9433962264151	77.0	697.2494590293833	0.8071329748083613	0.6555038632440663	145.36122538754307	0.21830359494192297	3.6823123052861075	3.9006159002280305
TUM-TCGA-NTNDQPIH	TUM-TCGA-NTNDQPIH.tif	TUM	data/raw/crc_val_7k/CRC-VAL-HE-7K/TUM/TUM-TCGA-NTNDQPIH.tif	193.7806720344388	137.0791015625	179.07081074617346	44.38486733130738	61.00745641835892	43.03517463387448	169.9768614477041	48.711609179128175	5.045139086996498	0.1000079719387755	101	0.0020129145408163	0.2289939413265306	113.76237623762376	78.0	99.1463712946074	0.8112934376593017	0.7218248371625735	60.54160555720457	0.2255060342948676	4.253607384743925	4.028101350449058
TUM-TCGA-TPDRDWMT	TUM-TCGA-TPDRDWMT.tif	TUM	data/raw/crc_val_7k/CRC-VAL-HE-7K/TUM/TUM-TCGA-TPDRDWMT.tif	178.56612723214286	114.57792570153062	164.65310108418367	32.87036703438043	36.494737952865286	27.46471598528573	152.59905133928572	31.649637223407243	4.846664213833	0.0999880420918367	71	0.001415019132653	0.3234414859693877	228.5774647887324	64.0	589.5569036070699	0.8499861021312554	0.6180294079934496	124.60596044958216	0.2281114171323022	3.7000929504756654	3.4719815333433632
TUM-TCGA-GCPNWGDV	TUM-TCGA-GCPNWGDV.tif	TUM	data/raw/crc_val_7k/CRC-VAL-HE-7K/TUM/TUM-TCGA-GCPNWGDV.tif	169.4622130102041	96.6834941007653	150.3736647002551	32.06498265958877	28.528943919105632	23.483753322921665	138.83979060374148	27.364466406079067	4.708069648808908	0.0999681122448979	58	0.0011559311224489	0.3621651785714285	313.3103448275862	50.5	841.9060109491409	0.8538574311806686	0.6753472161983068	143.88756958694913	0.22986612662292494	4.5941951167493595	4.8240612433722845
TUM-TCGA-LPADDRRL	TUM-TCGA-LPADDRRL.tif	TUM	data/raw/crc_val_7k/CRC-VAL-HE-7K/TUM/TUM-TCGA-LPADDRRL.tif	169.60411352040816	101.98754384566328	154.93761957908163	36.300208815597614	35.510310153676365	28.49855968226637	142.17642564838434	32.82898722595805	4.89288622048843	0.1000079719387755	78	0.0015545280612244	0.3193558673469387	205.43589743589743	46.5	439.51758489203	0.8569004968462388	0.6455217952705613	118.36982780014354	0.23002776735993358	3.4460420585993967	3.6760698259593303
TUM-TCGA-QKYWAYVF	TUM-TCGA-QKYWAYVF.tif	TUM	data/raw/crc_val_7k/CRC-VAL-HE-7K/TUM/TUM-TCGA-QKYWAYVF.tif	199.53266501913265	157.70776865433675	191.31040736607144	45.09404864828589	69.94195103729314	47.96137046151231	182.8502803465136	53.823424311419785	4.582413630470834	0.1000079719387755	49	0.0009765625	0.2777622767857143	284.42857142857144	77.0	814.7859866748033	0.8624767170613173	0.7291761307222261	103.5056578306711	0.23365624536280194	4.831103744860465	5.0647599902232665
STR-TCGA-AWSANYKN	STR-TCGA-AWSANYKN.tif	STR	data/raw/crc_val_7k/CRC-VAL-HE-7K/STR/STR-TCGA-AWSANYKN.tif	169.91511878188774	102.6193997130102	155.65585140306123	35.30616801718416	34.072307342431394	27.965211212259533	142.73012329931973	31.871289744030584	4.87108895494013	0.1000079719387755	67	0.0013352997448979	0.3320511798469387	248.6716417910448	66.0	693.5087165581127	0.9115298831091428	0.6888145709291494	101.23516395741528	0.2346587330275125	3.6070858701204696	3.372427137092957
TUM-TCGA-AHNDDNIS	TUM-TCGA-AHNDDNIS.tif	TUM	data/raw/crc_val_7k/CRC-VAL-HE-7K/TUM/TUM-TCGA-AHNDDNIS.tif	180.11192602040816	115.04494180484694	164.02553013392858	41.90080100653716	47.85709989175303	35.91528214489928	153.06079931972792	41.20062115656128	5.096226766689536	0.1000079719387755	100	0.0019929846938775	0.2729990433673469	136.98	70.0	176.67155854862435	0.7959069990824466	0.7124388534511055	67.26568214349395	0.23522958763875268	3.4568831925168206	3.6921127801555733
TUM-TCGA-FSFRGDYE	TUM-TCGA-FSFRGDYE.tif	TUM	data/raw/crc_val_7k/CRC-VAL-HE-7K/TUM/TUM-TCGA-FSFRGDYE.tif	174.4498963647959	106.71500318877553	158.44429607780611	33.87946047364735	34.75401170271409	27.251980591879832	146.5363985437925	31.21930967871505	4.84308608932092	0.1000079719387755	51	0.0010164221938775	0.3116430165816326	306.6078431372549	56.0	774.5172583408952	0.8706238020235227	0.6729538117075532	148.6096298366788	0.24360393456175533	2.982917683522453	3.2265216180842082
STR-TCGA-GVEHLFQM	STR-TCGA-GVEHLFQM.tif	STR	data/raw/crc_val_7k/CRC-VAL-HE-7K/STR/STR-TCGA-GVEHLFQM.tif	183.5342594068877	115.67610012755102	171.76949139030611	40.71566489775157	49.66080738775035	37.85052006207619	156.99328364158163	41.84784500208335	5.053540564398546	0.1000079719387755	99	0.0019730548469387	0.3265505420918367	165.5050505050505	93.0	243.58738807881252	0.8709823951790807	0.6718936521621534	77.8128262760309	0.2446113274068522	3.462306026857288	3.2176946994504356
TUM-TCGA-LECGNCWN	TUM-TCGA-LECGNCWN.tif	TUM	data/raw/crc_val_7k/CRC-VAL-HE-7K/TUM/TUM-TCGA-LECGNCWN.tif	175.87890625	104.0819316007653	155.85656489158163	36.593748702262296	35.72586201313299	28.66592516935092	145.27246758078232	32.74249344928187	4.893753454547077	0.1000079719387755	70	0.0013950892857142	0.2854551977040816	204.61428571428573	69.5	726.8534002879838	0.885236933189344	0.6748535557567156	103.44643573195788	0.24551594239954966	3.1898160484542326	2.944300106054683
TUM-TCGA-QMYWHNVD	TUM-TCGA-QMYWHNVD.tif	TUM	data/raw/crc_val_7k/CRC-VAL-HE-7K/TUM/TUM-TCGA-QMYWHNVD.tif	182.8005819515306	125.94632892219389	171.3750597895408	36.66223060646249	47.43773914995349	33.964299430407834	160.04065688775512	38.702083524998045	5.0073622585934565	0.1000079719387755	59	0.0011758609693877	0.2648477359693877	225.2372881355932	56.0	602.1266080891269	0.8241530149066495	0.7137652429801113	102.07209253948952	0.24609695985750912	2.084818456010476	2.330915415867985
TUM-TCGA-HRFDYCHH	TUM-TCGA-HRFDYCHH.tif	TUM	data/raw/crc_val_7k/CRC-VAL-HE-7K/TUM/TUM-TCGA-HRFDYCHH.tif	199.3349609375	156.71835140306123	191.72429049744892	39.73722662889697	62.752390224714006	42.56039934457491	182.59253427933675	48.010823345558535	4.795725348387397	0.1000079719387755	59	0.0011758609693877	0.2794363839285714	237.64406779661016	45.0	577.6764903902136	0.8328367729991241	0.7211039555123485	82.91374882425681	0.2468205511137822	4.169660041073068	3.9228394899592858
STR-TCGA-GFSLNPVV	STR-TCGA-GFSLNPVV.tif	STR	data/raw/crc_val_7k/CRC-VAL-HE-7K/STR/STR-TCGA-GFSLNPVV.tif	174.74264588647958	111.36417809311224	162.4186862244898	40.76164220604303	41.74323341748761	32.73339962802012	149.50850340136054	37.71368526175431	5.036546492289955	0.1000079719387755	75	0.0014947385204081	0.2598852040816326	173.86666666666667	92.0	316.2900075704082	0.825736013154277	0.7439300461938828	71.21534483633921	0.24871720488922877	2.5524040179586143	2.801121222847843
TUM-TCGA-AAHIDTWA	TUM-TCGA-AAHIDTWA.tif	TUM	data/raw/crc_val_7k/CRC-VAL-HE-7K/TUM/TUM-TCGA-AAHIDTWA.tif	185.6358418367347	124.876953125	170.0099649234694	45.26284447231509	55.858748133808426	41.48326011884861	160.17425329506804	46.82977712750546	5.182591957842307	0.1000079719387755	96	0.0019132653061224	0.2876873405612244	150.36458333333334	64.0	224.5032998918421	0.8521351241532207	0.7027667774644571	75.38020040186022	0.2517730783833798	3.543381729297582	3.795154807680962
TUM-TCGA-TRMAPMSF	TUM-TCGA-TRMAPMSF.tif	TUM	data/raw/crc_val_7k/CRC-VAL-HE-7K/TUM/TUM-TCGA-TRMAPMSF.tif	173.45398198341837	118.58171237244898	169.87057557397958	39.89709982325076	45.49580555488812	35.353772363074526	153.96875664328232	39.58764634205756	5.062603514447394	0.1000079719387755	111	0.002212213010204	0.3005819515306122	135.87387387387386	58.0	203.7375151590676	0.8278685624783375	0.6899071783533798	73.40587011848044	0.2525746009684884	3.775957567436693	3.523382966468205
TUM-TCGA-IEVWMSHS	TUM-TCGA-IEVWMSHS.tif	TUM	data/raw/crc_val_7k/CRC-VAL-HE-7K/TUM/TUM-TCGA-IEVWMSHS.tif	180.12055564413265	111.36170679209184	161.67233338647958	37.45616213136234	41.36234950942919	31.721433118020496	151.05153194090136	36.04380842183063	4.973731996840149	0.1000079719387755	78	0.0015545280612244	0.3125199298469387	201.03846153846155	93.5	305.24363712924395	0.841049623046591	0.750508491265556	79.08237221416842	0.2528939011322482	2.6451961544381457	2.3923022533058975
TUM-TCGA-VYYKRDYR	TUM-TCGA-VYYKRDYR.tif	TUM	data/raw/crc_val_7k/CRC-VAL-HE-7K/TUM/TUM-TCGA-VYYKRDYR.tif	167.34685905612244	100.38731664540816	153.3323899872449	37.09857617178532	35.26480742021807	28.44022693803068	140.35552189625852	32.971527548962705	4.904082679580903	0.1000079719387755	94	0.0018734056122448	0.3090521364795918	164.96808510638297	44.5	649.3104927557509	0.8186951417392445	0.6571995995292119	92.79290276502353	0.2538359906159049	3.8137761821150957	4.067612172731001
TUM-TCGA-HSYSCCTH	TUM-TCGA-HSYSCCTH.tif	TUM	data/raw/crc_val_7k/CRC-VAL-HE-7K/TUM/TUM-TCGA-HSYSCCTH.tif	174.19750478316325	105.7927096619898	158.30691964285714	31.26816077132363	31.432135354061177	24.08569459124072	146.0990446960034	28.218798026907987	4.749189757575482	0.1000079719387755	47	0.0009367028061224	0.3464006696428571	369.8085106382979	76.0	1427.754324153961	0.868917330821133	0.6647759739426737	175.0114226494802	0.2560243049315436	3.5715132219228973	3.827537526854441
TUM-TCGA-MFISFHRG	TUM-TCGA-MFISFHRG.tif	TUM	data/raw/crc_val_7k/CRC-VAL-HE-7K/TUM/TUM-TCGA-MFISFHRG.tif	176.01540577168367	105.81632653061224	158.24555564413265	30.578728153738	29.9241984748592	23.9375555782564	146.6924293154762	27.55050136903173	4.728562689192581	0.1000079719387755	69	0.0013751594387755	0.3022759885204081	219.81159420289856	49.0	624.2526726301332	0.8072389416259119	0.6608982194503141	112.14333494991077	0.2576519973239071	3.9227875029677755	3.6651355056438684
TUM-TCGA-EGWAQVCK	TUM-TCGA-EGWAQVCK.tif	TUM	data/raw/crc_val_7k/CRC-VAL-HE-7K/TUM/TUM-TCGA-EGWAQVCK.tif	166.49160953443877	99.13554288903062	153.61664939413265	29.42628788614444	26.845670685134166	20.9889556051722	139.74793393920066	25.141082506063693	4.638832932339919	0.0999880420918367	63	0.0012555803571428	0.3409598214285714	271.55555555555554	104.0	640.2683162197316	0.7814490404035298	0.6686917681826913	140.69712194037442	0.25789950777434	4.691876196301475	4.949775704075815
STR-TCGA-QRNFGKCQ	STR-TCGA-QRNFGKCQ.tif	STR	data/raw/crc_val_7k/CRC-VAL-HE-7K/STR/STR-TCGA-QRNFGKCQ.tif	189.6924824617347	122.43379304846938	170.75851004464286	45.94557513634003	52.5208163110238	42.10778155617236	160.96159518494898	45.94278286685569	5.2102981424423085	0.0999880420918367	81	0.0016143176020408	0.1317761479591837	81.62962962962963	67.0	52.91466329119794	0.8276123692759041	0.7982910608866127	43.12304835892122	0.25818013075778623	4.303428462679574	4.045248331921788
TUM-TCGA-QMSYGMFL	TUM-TCGA-QMSYGMFL.tif	TUM	data/raw/crc_val_7k/CRC-VAL-HE-7K/TUM/TUM-TCGA-QMSYGMFL.tif	170.3562460140306	103.05622209821428	155.3000637755102	35.227153020348794	36.63619774595925	28.91920395064134	142.90417729591837	32.818158240949124	4.894465921726296	0.1000079719387755	100	0.0019929846938775	0.2788384885204081	139.91	71.0	168.0951572770614	0.8184986560772551	0.6656733950971833	78.08933834145238	0.26093445045268115	4.015885602477864	3.754951152025183
TUM-TCGA-FQYSSYAL	TUM-TCGA-FQYSSYAL.tif	TUM	data/raw/crc_val_7k/CRC-VAL-HE-7K/TUM/TUM-TCGA-FQYSSYAL.tif	171.2746731505102	106.77124521683672	158.88801419005102	33.367720095813134	33.83969513999125	26.712080245115366	145.64464418579934	30.697819606925208	4.828394320478541	0.1000079719387755	93	0.0018534757653061	0.308414381377551	166.3978494623656	54.0	496.4950300195208	0.8228799104675135	0.6303046979876021	100.3160948488483	0.2645353171929914	4.160931061837817	3.896395744644826
TUM-TCGA-DDQHKGYW	TUM-TCGA-DDQHKGYW.tif	TUM	data/raw/crc_val_7k/CRC-VAL-HE-7K/TUM/TUM-TCGA-DDQHKGYW.tif	168.58705357142858	101.54294882015306	155.12015704719389	32.311773342671096	31.049442346094384	24.3356353109872	141.75005314625852	28.593331758102646	4.76769308808631	0.0999880420918367	80	0.001594387755102	0.3063815369897959	192.1625	63.0	400.5563769230868	0.8301161347232144	0.6683084890885894	101.30626663274543	0.2664992653185956	4.048733332738095	3.7822340674194996
TUM-TCGA-DSRDQELI	TUM-TCGA-DSRDQELI.tif	TUM	data/raw/crc_val_7k/CRC-VAL-HE-7K/TUM/TUM-TCGA-DSRDQELI.tif	163.18084343112244	94.6940768494898	149.31106505102042	33.134770359101005	30.849481858273425	24.69414584431829	135.72866177721087	28.86131962657421	4.721073086857208	0.1000079719387755	80	0.001594387755102	0.3235012755102041	202.9	70.5	489.2741205091477	0.7870366304317289	0.7196085248394649	93.20174868632373	0.26756848362447716	4.248562150302082	4.516130633926559
TUM-TCGA-KYPIYAGQ	TUM-TCGA-KYPIYAGQ.tif	TUM	data/raw/crc_val_7k/CRC-VAL-HE-7K/TUM/TUM-TCGA-KYPIYAGQ.tif	171.0979551977041	102.28290417729592	155.51903300382654	33.70655318070784	31.284694763079766	24.797208371873893	142.96663079294217	29.34214780161963	4.789816147224018	0.1000079719387755	63	0.0012555803571428	0.3163066007653061	251.9206349206349	66.0	558.9741539752042	0.8390872738668113	0.6167191281382438	140.32880212786085	0.2683487327735472	3.926915496253036	4.195264229026583
TUM-TCGA-RPNGVKIT	TUM-TCGA-RPNGVKIT.tif	TUM	data/raw/crc_val_7k/CRC-VAL-HE-7K/TUM/TUM-TCGA-RPNGVKIT.tif	184.8203922193877	116.14445153061224	163.88217474489795	39.84728535102691	48.409348924390265	36.6608168731092	154.949006164966	40.66672247330273	5.061900720012451	0.1000079719387755	86	0.0017139668367346	0.1880779655612245	109.73255813953487	75.0	123.2074658356464	0.8170020127132649	0.7056541843696686	57.69174214411446	0.2702073083651606	3.1285216162334546	2.858314307868294
TUM-TCGA-APECYHHH	TUM-TCGA-APECYHHH.tif	TUM	data/raw/crc_val_7k/CRC-VAL-HE-7K/TUM/TUM-TCGA-APECYHHH.tif	192.23850047831635	136.80733816964286	178.60590720663265	45.71828571035365	61.91759744955792	44.1836149374878	169.21724861819726	49.90166733320621	5.1473320961126	0.1000079719387755	95	0.0018933354591836	0.2559988839285714	135.21052631578948	77.0	183.4993127614747	0.797066634278945	0.7260696045689891	66.84626942582751	0.27093587895214366	4.186289996046119	4.4572258749982625
STR-TCGA-FLNAWHIM	STR-TCGA-FLNAWHIM.tif	STR	data/raw/crc_val_7k/CRC-VAL-HE-7K/STR/STR-TCGA-FLNAWHIM.tif	165.81106505102042	88.53049266581633	145.23142538265307	28.24388383676268	18.2763066457804	16.573855781954887	133.1909943664966	20.55321333965462	4.440324839220718	0.0999880420918367	67	0.0013352997448979	0.3350207270408163	250.8955223880597	102.0	470.90443731656273	0.800168849788356	0.7186041550019785	98.3565532167659	0.27252163963628284	5.884398054915274	5.611876415278991
TUM-TCGA-QGFEDYDG	TUM-TCGA-QGFEDYDG.tif	TUM	data/raw/crc_val_7k/CRC-VAL-HE-7K/TUM/TUM-TCGA-QGFEDYDG.tif	167.99669164540816	101.76118064413264	154.48939732142858	38.465037384367776	38.30327152616803	30.818385529202764	141.4157565369898	35.273018293427235	4.961758903226636	0.0999880420918367	94	0.0018734056122448	0.3166852678571428	169.04255319148936	72.5	276.9308583688092	0.8497052245927709	0.6250761255013543	99.41452514295548	0.2736254948339294	4.025367861378525	4.2989933562124545
TUM-TCGA-KPPHMKDI	TUM-TCGA-KPPHMKDI.tif	TUM	data/raw/crc_val_7k/CRC-VAL-HE-7K/TUM/TUM-TCGA-KPPHMKDI.tif	163.60152264030611	95.73648756377553	150.4063496492347	31.819532960861995	34.31044548378008	25.6430630778055	136.58145328443877	29.77532070774988	4.618469640376576	0.0999880420918367	79	0.0015744579081632	0.3335259885204081	211.83544303797467	60.0	544.8663389780892	0.7899548089614447	0.7221995915909377	101.366791275014	0.2741417339653669	4.280447967048988	4.554589701014355
TUM-TCGA-QHDMHCGH	TUM-TCGA-QHDMHCGH.tif	TUM	data/raw/crc_val_7k/CRC-VAL-HE-7K/TUM/TUM-TCGA-QHDMHCGH.tif	178.44694674744898	110.2585299744898	161.92205436862244	34.936755213964204	37.61197205979474	27.77334944916138	150.20917703018708	32.76122667419203	4.85579683641384	0.1000079719387755	55	0.0010961415816326	0.3330277423469387	303.8181818181818	97.0	599.3557174442051	0.8313394646664021	0.7302673028801496	106.20719264461118	0.2743568425128564	2.389467017974584	2.6638238604874402
TUM-TCGA-NEEYLWTN	TUM-TCGA-NEEYLWTN.tif	TUM	data/raw/crc_val_7k/CRC-VAL-HE-7K/TUM/TUM-TCGA-NEEYLWTN.tif	167.7350924744898	104.08139349489797	156.45535714285714	38.065367917796536	39.38775596872776	30.710218273036595	142.75728103741497	35.429070458868445	4.950396538961431	0.1000079719387755	99	0.0019730548469387	0.3127590880102041	158.5151515151515	65.0	221.22913591684164	0.8233874209560544	0.6323798773799568	93.1218774596081	0.275528386476775	3.953742934489617	4.229271320966392
TUM-TCGA-MEKVKCAC	TUM-TCGA-MEKVKCAC.tif	TUM	data/raw/crc_val_7k/CRC-VAL-HE-7K/TUM/TUM-TCGA-MEKVKCAC.tif	172.66420200892858	103.96470424107144	156.83067602040816	33.443748563724604	32.671682312970304	26.26655341747947	144.4865274234694	30.21130769256412	4.823311576669543	0.1000079719387755	57	0.0011360012755102	0.2950414540816326	259.719298245614	48.0	556.493588632413	0.8411135210610631	0.6423069478465923	143.57381388386483	0.28104616768597834	3.41720008941551	3.6982462571014882
TUM-TCGA-TPQMMRNM	TUM-TCGA-TPQMMRNM.tif	TUM	data/raw/crc_val_7k/CRC-VAL-HE-7K/TUM/TUM-TCGA-TPQMMRNM.tif	164.54153380102042	95.50093670280611	150.35239955357142	32.923646014797	31.546633576384814	24.87282900255532	136.79829001913265	28.92295598176183	4.6821309507163225	0.1000079719387755	86	0.0017139668367346	0.3293207908163265	192.13953488372093	83.0	284.5014882370319	0.8376518366013267	0.7337859291057299	87.65120762716948	0.2882156583349378	4.24510751835388	3.956891860018942
STR-TCGA-DINQLHMF	STR-TCGA-DINQLHMF.tif	STR	data/raw/crc_val_7k/CRC-VAL-HE-7K/STR/STR-TCGA-DINQLHMF.tif	192.6264947385204	126.72811702806122	173.4519889987245	45.98802171544797	52.06113622984449	41.84159361334689	164.2688669217687	45.60899588004329	5.192561602274363	0.1000079719387755	68	0.0013552295918367	0.1147161989795918	84.6470588235294	76.5	46.14101298828164	0.8348620385788057	0.7690876221319388	46.30228914857464	0.2898870936372897	3.898113808720571	3.608226715083281
STR-TCGA-MLQNDSIL	STR-TCGA-MLQNDSIL.tif	STR	data/raw/crc_val_7k/CRC-VAL-HE-7K/STR/STR-TCGA-MLQNDSIL.tif	169.26530612244898	94.5765306122449	150.1491151147959	33.366306243229914	28.842240603004715	23.635132869395253	137.9969839498299	28.03506058613763	4.745265641330058	0.1000079719387755	88	0.0017538265306122	0.3378308354591837	192.625	102.5	308.7075444678404	0.8285273597476384	0.7051617208562676	87.15685052056591	0.29053180554298264	4.27009813453178	3.9795663289887977
TUM-TCGA-TPGELSFA	TUM-TCGA-TPGELSFA.tif	TUM	data/raw/crc_val_7k/CRC-VAL-HE-7K/TUM/TUM-TCGA-TPGELSFA.tif	168.4598014987245	109.93807796556122	161.1796277104592	37.573855555763686	39.79949613428578	31.484107795444608	146.52583572491494	35.772863375349765	4.980133366258933	0.1000079719387755	98	0.001953125	0.3019172512755102	154.58163265306123	69.5	206.09186199607183	0.8626773220557652	0.663602273518306	80.97951743518657	0.29246072815678925	3.6458580635414126	3.3533973353846234
TUM-TCGA-DTFSQVSQ	TUM-TCGA-DTFSQVSQ.tif	TUM	data/raw/crc_val_7k/CRC-VAL-HE-7K/TUM/TUM-TCGA-DTFSQVSQ.tif	180.18913424744892	117.63622050382654	167.02084661989795	36.468401915208695	44.50589994819594	31.566008150924866	154.94873379039117	36.8232268271049	4.90318959536044	0.0999681122448979	56	0.0011160714285714	0.3703762755102041	331.85714285714283	119.0	648.8513044651467	0.8542814883521835	0.7570604778974784	106.65436308562757	0.30040346382006433	3.1818576862139167	3.482261150033981
TUM-TCGA-TQFIYSVM	TUM-TCGA-TQFIYSVM.tif	TUM	data/raw/crc_val_7k/CRC-VAL-HE-7K/TUM/TUM-TCGA-TQFIYSVM.tif	170.85483099489795	100.13032126913264	153.7349928252551	34.935377485682054	31.866402536137144	26.11632829528647	141.57338169642856	30.392220494501217	4.825237281705164	0.1000079719387755	64	0.0012755102040816	0.3066007653061224	240.375	71.0	530.9623485945119	0.8564669723475051	0.6001149195443501	138.01078355371237	0.3008411759870251	4.101193431920487	4.402034607907512
TUM-TCGA-CFVTNRDA	TUM-TCGA-CFVTNRDA.tif	TUM	data/raw/crc_val_7k/CRC-VAL-HE-7K/TUM/TUM-TCGA-CFVTNRDA.tif	172.36880181760205	105.37149234693878	158.11350047831633	36.71494208499848	35.82396589795866	27.76615054714054	145.2845982142857	32.74352746589769	4.894075605770396	0.1000079719387755	98	0.001953125	0.2809111926020408	143.8265306122449	57.5	239.1623573509796	0.8314257090239652	0.6321180296247234	84.49351271050804	0.30111644735913945	4.127549239009641	3.826432791650501
TUM-TCGA-KMKVGFNR	TUM-TCGA-KMKVGFNR.tif	TUM	data/raw/crc_val_7k/CRC-VAL-HE-7K/TUM/TUM-TCGA-KMKVGFNR.tif	172.4058912627551	105.73943718112244	158.0372090242347	39.54090403477658	38.99600907434762	30.99839256176456	145.39417915603744	35.91474980936571	4.986681841841634	0.1000079719387755	79	0.0015744579081632	0.3208705357142857	203.7974683544304	77.0	389.0852101443648	0.8450755109975029	0.7295495184771097	83.74529010424081	0.30161985269842573	2.6693435126215945	2.9709633653200203
TUM-TCGA-PPNPSWIV	TUM-TCGA-PPNPSWIV.tif	TUM	data/raw/crc_val_7k/CRC-VAL-HE-7K/TUM/TUM-TCGA-PPNPSWIV.tif	186.3317323022959	126.49276546556122	171.68793845663265	44.97116984008178	57.27260683972429	40.97656886608527	161.50414540816325	47.007645754586775	5.119999616477414	0.0999880420918367	86	0.0017139668367346	0.3049665178571428	177.93023255813952	94.5	223.94682667770863	0.8714582651357318	0.6966894371536807	84.56614017902953	0.3022178591636089	3.32779282885793	3.630010688021539
STR-TCGA-DYTTAVER	STR-TCGA-DYTTAVER.tif	STR	data/raw/crc_val_7k/CRC-VAL-HE-7K/STR/STR-TCGA-DYTTAVER.tif	174.56180245535714	106.63968829719389	159.49037388392858	40.37489543927045	46.12756454347867	35.48994589145926	146.89728821215988	39.87036920142787	5.025378940898074	0.1000079719387755	78	0.0015545280612244	0.3579400510204081	230.25641025641025	108.5	315.17318950377984	0.9091241536493948	0.7167426995381856	98.98963624017958	0.30342428556482925	3.012816271572384	3.3162405571372133
TUM-TCGA-RRVIERIV	TUM-TCGA-RRVIERIV.tif	TUM	data/raw/crc_val_7k/CRC-VAL-HE-7K/TUM/TUM-TCGA-RRVIERIV.tif	173.06002869897958	105.17988679846938	157.22293526785714	34.777892654295	33.400326329289086	26.90572380841316	145.1542835884354	31.10877551737697	4.849408489035138	0.1000079719387755	50	0.0009964923469387	0.3214485012755102	322.58	61.5	852.9444082705509	0.886261108112	0.6611770323974381	155.76905114768712	0.30408521863764015	3.2562610106131173	3.5603462292507575
TUM-TCGA-TAHQGSCY	TUM-TCGA-TAHQGSCY.tif	TUM	data/raw/crc_val_7k/CRC-VAL-HE-7K/TUM/TUM-TCGA-TAHQGSCY.tif	194.2593072385204	140.81700414540816	180.8000837053572	42.06267511067871	61.71874721197086	43.01549883634591	171.9587983630952	48.27553322022684	4.995123138906157	0.0999083227040816	45	0.0008968431122448	0.274055325255102	305.5777777777778	85.0	797.6015292777297	0.8668068351580669	0.675976811508287	113.1448067345008	0.30418233606435674	7.672367338574149	7.976549674638505
STR-TCGA-NRLSNITN	STR-TCGA-NRLSNITN.tif	STR	data/raw/crc_val_7k/CRC-VAL-HE-7K/STR/STR-TCGA-NRLSNITN.tif	174.4422831632653	106.8928372130102	159.10054607780611	38.79499446352481	37.41756585360368	30.07361349515353	146.8118888180272	34.73651111526595	4.95720363764177	0.0999880420918367	77	0.0015345982142857	0.2812101403061224	183.2467532467533	99.0	276.2916375552562	0.8566615658394735	0.7388359659242922	77.03179705587338	0.30512461226736276	2.9946703103864083	2.6895456981190455
TUM-TCGA-PACCQDPI	TUM-TCGA-PACCQDPI.tif	TUM	data/raw/crc_val_7k/CRC-VAL-HE-7K/TUM/TUM-TCGA-PACCQDPI.tif	169.73549107142858	101.52188297193878	154.6423190369898	35.647067725833715	34.51064493181819	27.546851649311204	141.96656436011904	31.95693743941718	4.860998880358871	0.1000079719387755	97	0.0019331951530612	0.3032924107142857	156.88659793814432	54.0	329.00690546096945	0.8562016836206713	0.6343582843013337	91.50943413305276	0.3055662333023763	4.259929326561315	3.954363093258939
STR-TCGA-VCGLCRWS	STR-TCGA-VCGLCRWS.tif	STR	data/raw/crc_val_7k/CRC-VAL-HE-7K/STR/STR-TCGA-VCGLCRWS.tif	156.15983737244898	88.21275111607143	172.21926817602042	36.08206396657969	24.123651705838405	28.536339925425505	138.8639522215136	28.13791175939587	4.722613837046145	0.1000079719387755	50	0.0009964923469387	0.2195073341836734	220.28	137.0	295.6064978988114	0.8681154725575487	0.7248924188614511	85.73655839020934	0.3076826956309322	3.779785973970486	3.472103278339554
TUM-TCGA-TSMIEIAY	TUM-TCGA-TSMIEIAY.tif	TUM	data/raw/crc_val_7k/CRC-VAL-HE-7K/TUM/TUM-TCGA-TSMIEIAY.tif	166.67476482780611	101.31780133928572	155.06493144132654	37.3793497825086	35.34275961612559	27.669596922559364	141.01916586947277	32.8189864120931	4.890949060249657	0.1000079719387755	109	0.0021723533163265	0.2982700892857143	137.30275229357798	51.0	297.69242499714665	0.849168341526257	0.6465686890067893	86.90760351845277	0.3106077903584872	4.48878592586134	4.178178135502852
TUM-TCGA-GGIWIVDP	TUM-TCGA-GGIWIVDP.tif	TUM	data/raw/crc_val_7k/CRC-VAL-HE-7K/TUM/TUM-TCGA-GGIWIVDP.tif	169.40515385841837	98.8629225127551	153.0216438137755	33.82781168175476	31.18767419389807	24.701943952915496	140.42990672831633	29.18936978320323	4.767426664119935	0.1000079719387755	62	0.001235650510204	0.3176618303571428	257.0806451612903	61.5	867.1491351138027	0.8526186537948661	0.6379383715774205	144.56138683663514	0.31082124489202867	3.7989433011967377	4.109764546088766
TUM-TCGA-YAKGDCWG	TUM-TCGA-YAKGDCWG.tif	TUM	data/raw/crc_val_7k/CRC-VAL-HE-7K/TUM/TUM-TCGA-YAKGDCWG.tif	167.77582908163265	110.98014987244898	162.43751992984693	35.94059617471942	37.70004524899152	29.42638597560396	147.06449962797623	33.81628834384359	4.910233070182163	0.1000079719387755	80	0.001594387755102	0.3474968112244898	217.95	60.0	398.58348874483	0.8400998854324643	0.6515317126237272	119.22802031823204	0.31593403748777815	3.1018231308765642	3.4177571683643424
TUM-TCGA-HRWPHLPI	TUM-TCGA-HRWPHLPI.tif	TUM	data/raw/crc_val_7k/CRC-VAL-HE-7K/TUM/TUM-TCGA-HRWPHLPI.tif	173.42271205357142	109.09747688137756	163.73198341836735	39.23843956448816	44.72764498357508	33.87269238724536	148.7507241177721	38.5457582593074	5.028031926057737	0.0999880420918367	86	0.0017139668367346	0.3265904017857143	190.54651162790697	75.5	270.487228644763	0.8217421029490646	0.7616814901021897	76.61409187275629	0.3179853164615194	2.980851739166146	3.2988370556276654
TUM-TCGA-RGMEGRNK	TUM-TCGA-RGMEGRNK.tif	TUM	data/raw/crc_val_7k/CRC-VAL-HE-7K/TUM/TUM-TCGA-RGMEGRNK.tif	175.6354830994898	105.37920519770408	157.27624760841837	33.957173384138834	32.94739335801357	26.315674924453425	146.0969786352041	30.45281248958515	4.826114750345216	0.1000079719387755	55	0.0010961415816326	0.3159279336734694	288.2181818181818	50.0	898.3303439949854	0.8529125380609919	0.6406034213712674	144.688930137534	0.3206543195348197	3.305854381068355	3.626508700603175
STR-TCGA-AKIAMMIW	STR-TCGA-AKIAMMIW.tif	STR	data/raw/crc_val_7k/CRC-VAL-HE-7K/STR/STR-TCGA-AKIAMMIW.tif	166.8547512755102	94.56674505739797	151.8487324617347	40.25207597481804	32.748467791239385	28.50016219331273	137.75674293154762	33.114898563800494	4.905395387305088	0.1000079719387755	112	0.0022321428571428	0.3327287946428571	149.0625	92.0	170.9098697961882	0.8469628385357069	0.769308899496302	69.48484136665323	0.3250627473873413	4.624787339612364	4.299724592225023
TUM-TCGA-PCLWCIMH	TUM-TCGA-PCLWCIMH.tif	TUM	data/raw/crc_val_7k/CRC-VAL-HE-7K/TUM/TUM-TCGA-PCLWCIMH.tif	174.61726721938774	106.40858179209184	157.55737802933675	35.47409353563199	37.7508058078213	29.84719962454712	146.19440901360542	33.65208691317528	4.911618878037016	0.0999880420918367	98	0.001953125	0.2842195471938775	145.5204081632653	61.0	243.72421808565937	0.8325210136727572	0.6453222860442372	84.65248913686742	0.3281989081582348	3.9918798741125507	3.663680965954316
TUM-TCGA-PPKINPLY	TUM-TCGA-PPKINPLY.tif	TUM	data/raw/crc_val_7k/CRC-VAL-HE-7K/TUM/TUM-TCGA-PPKINPLY.tif	169.0682995854592	104.19921875	156.7255261479592	37.92622858811434	36.42762675195784	29.12331248194258	143.33101482780611	33.89633567355123	4.927083947407057	0.0999880420918367	108	0.0021524234693877	0.2965361926020408	137.7685185185185	42.0	314.05161779323146	0.849400061231827	0.6588783300582894	88.62695903205929	0.3287578317140927	4.277844549933036	3.9490867182189433
TUM-TCGA-QPIAIIKY	TUM-TCGA-QPIAIIKY.tif	TUM	data/raw/crc_val_7k/CRC-VAL-HE-7K/TUM/TUM-TCGA-QPIAIIKY.tif	169.7815090880102	103.08695392219389	155.62856744260205	36.52860414362746	36.2265377593125	28.410809902720462	142.8323434842687	33.11653106578128	4.902105858297976	0.0999681122448979	78	0.0015545280612244	0.3130181760204081	201.3589743589744	45.5	474.7505680951212	0.8379532036411224	0.6262910771504905	117.51003388813162	0.3308781177714266	4.304985930265695	4.635864048037122
TUM-TCGA-YFSPASSY	TUM-TCGA-YFSPASSY.tif	TUM	data/raw/crc_val_7k/CRC-VAL-HE-7K/TUM/TUM-TCGA-YFSPASSY.tif	185.4929846938776	122.15834263392856	168.49659199617346	44.03188696532101	53.42487598673759	39.76663315831194	158.71597310799316	45.00658404802138	5.158061838472756	0.1000079719387755	98	0.001953125	0.2923110650510204	149.66326530612244	93.0	160.70894872900726	0.8153411131882417	0.7167535626583789	73.1369599399215	0.3340620178940039	3.4406534636176462	3.77471548151165
TUM-TCGA-NIFLQWLR	TUM-TCGA-NIFLQWLR.tif	TUM	data/raw/crc_val_7k/CRC-VAL-HE-7K/TUM/TUM-TCGA-NIFLQWLR.tif	172.2965162627551	106.43708147321428	158.95529735331633	34.99754240160072	35.92486949912825	26.50675450443393	145.8962983630952	31.7270725600326	4.816880715283196	0.1000079719387755	66	0.0013153698979591	0.3316525829081632	252.13636363636363	58.0	619.9832325778544	0.8466003049044046	0.6470690345539685	144.73600882596375	0.34086764258638613	3.1488098951765418	3.489677537762928
TUM-TCGA-SFYGLTIL	TUM-TCGA-SFYGLTIL.tif	TUM	data/raw/crc_val_7k/CRC-VAL-HE-7K/TUM/TUM-TCGA-SFYGLTIL.tif	173.68610491071428	107.79468271683672	159.4258808992347	36.930607110587765	36.85720093751612	29.17390881144475	146.96888950892858	33.712797321123496	4.919074406290388	0.1000079719387755	76	0.0015146683673469	0.3592554209183674	237.18421052631572	102.0	597.0123138667973	0.8087659835593101	0.7686831762665165	91.61183208656028	0.3437777108852269	2.956046435444357	3.299824146329584
TUM-TCGA-DNLNDEYP	TUM-TCGA-DNLNDEYP.tif	TUM	data/raw/crc_val_7k/CRC-VAL-HE-7K/TUM/TUM-TCGA-DNLNDEYP.tif	190.80179767219389	136.74503746811226	178.7189094387755	45.398961730426976	57.11662052266431	42.95675029539337	168.7552481930272	47.88428032818162	5.207279682367771	0.1000079719387755	101	0.0020129145408163	0.1894730548469387	94.12871287128714	61.0	114.9148340144175	0.8410096229688965	0.6770023172803952	57.619908034272406	0.3439814583275229	4.513914661375608	4.169933203048085
TUM-TCGA-DHDQRSTK	TUM-TCGA-DHDQRSTK.tif	TUM	data/raw/crc_val_7k/CRC-VAL-HE-7K/TUM/TUM-TCGA-DHDQRSTK.tif	197.04510124362244	146.80436862244898	185.4592633928572	40.36661870617113	58.714114583490925	40.7406220463712	176.43624441964286	46.03441382942889	5.058519505138056	0.0999880420918367	50	0.0009964923469387	0.2606624681122449	261.58	52.5	670.7061380366218	0.8159167303764099	0.6973475193354548	98.645574259986	0.3442316832473278	3.5735960360381425	3.9178277192854702
STR-TCGA-MTWCSPKP	STR-TCGA-MTWCSPKP.tif	STR	data/raw/crc_val_7k/CRC-VAL-HE-7K/STR/STR-TCGA-MTWCSPKP.tif	172.1027383609694	96.0131536989796	151.1540975765306	29.88112188303217	22.88773906050206	19.94666263408312	139.75666321215988	23.702053558441875	4.582981451940206	0.0999282525510204	65	0.0012954400510204	0.2818877551020408	217.6	85.0	361.85856990733913	0.8106764656158378	0.7219997972529935	85.28525747216464	0.3453503224389758	7.268510891014795	6.9231605685758195
TUM-TCGA-RPCHDKCH	TUM-TCGA-RPCHDKCH.tif	TUM	data/raw/crc_val_7k/CRC-VAL-HE-7K/TUM/TUM-TCGA-RPCHDKCH.tif	175.86886160714286	108.22739955357144	159.70525749362244	33.68472615674769	33.10727811313371	26.34308010391556	147.93383955144557	30.305894033947137	4.822454182868345	0.1000079719387755	85	0.0016940369897959	0.2772241709183674	163.64705882352942	70.0	293.94976385059414	0.804435544298119	0.6465691070141202	94.74572400242792	0.3516188887422902	3.9164068197116877	3.5647879309693975
TUM-TCGA-KPHIKGYE	TUM-TCGA-KPHIKGYE.tif	TUM	data/raw/crc_val_7k/CRC-VAL-HE-7K/TUM/TUM-TCGA-KPHIKGYE.tif	177.5195910395408	120.74294483418367	168.81788105867346	38.04311336641018	46.01563328377133	33.60638608966362	155.69347231079934	38.64427783617768	4.988811736477281	0.1000079719387755	83	0.0016541772959183	0.3226841517857143	195.0722891566265	66.0	275.5632909231531	0.8141908116349527	0.6728278755003897	96.5988233824869	0.3517444279273274	2.6720155499459506	3.023759977873278
STR-TCGA-GNYIDDMW	STR-TCGA-GNYIDDMW.tif	STR	data/raw/crc_val_7k/CRC-VAL-HE-7K/STR/STR-TCGA-GNYIDDMW.tif	177.32059151785714	111.9549784757653	170.6446906887755	42.61925489928836	46.89399090139983	35.34273514440039	153.3067535607993	40.77952248501654	5.100215431425273	0.1000079719387755	92	0.0018335459183673	0.2671396683673469	145.69565217391303	74.0	181.5066617013436	0.8635458488718715	0.7399120128064128	65.14966548343664	0.35335410499563746	3.2045605276024984	2.851206422606861
TUM-TCGA-YRCFVTPS	TUM-TCGA-YRCFVTPS.tif	TUM	data/raw/crc_val_7k/CRC-VAL-HE-7K/TUM/TUM-TCGA-YRCFVTPS.tif	174.6668327487245	105.43556680484694	158.12053571428572	36.42952430122503	36.15749095187318	28.47254547494312	146.07431175595238	32.909273738368185	4.893882376070297	0.1000079719387755	67	0.0013352997448979	0.2956194196428571	221.38805970149247	87.0	401.6981845854177	0.8115381003897527	0.7130177676581885	99.74018807413484	0.35367847475944814	2.6932907988308425	3.0469692735902907
TUM-TCGA-DMFYPHMC	TUM-TCGA-DMFYPHMC.tif	TUM	data/raw/crc_val_7k/CRC-VAL-HE-7K/TUM/TUM-TCGA-DMFYPHMC.tif	172.44136639030611	107.98389668367346	164.3027941645408	37.71473211377206	40.2698276631517	30.49670670847169	148.24268574617346	35.52895989555138	4.947043608268372	0.0999282525510204	75	0.0014947385204081	0.3767538265306122	252.0533333333333	162.0	335.1232566617178	0.7862464050344208	0.7715756418244357	92.67837224313362	0.3611040183625924	6.2249315280232285	6.586035546385821
TUM-TCGA-WFCNPCMV	TUM-TCGA-WFCNPCMV.tif	TUM	data/raw/crc_val_7k/CRC-VAL-HE-7K/TUM/TUM-TCGA-WFCNPCMV.tif	191.9268375318877	132.2575135522959	175.97648278061226	42.78752120739659	55.29984355721797	40.06264084554928	166.720277954932	45.28512299652922	5.132484496662106	0.1000079719387755	105	0.0020926339285714	0.2356704400510204	112.61904761904762	80.0	99.24883407758318	0.8076586495316055	0.7128073795685079	60.28232697900136	0.3637355378748075	4.183072921542712	3.819337383667904
TUM-TCGA-ECQWHQHY	TUM-TCGA-ECQWHQHY.tif	TUM	data/raw/crc_val_7k/CRC-VAL-HE-7K/TUM/TUM-TCGA-ECQWHQHY.tif	169.3194355867347	103.02734375	156.8580994897959	34.35424004573836	32.01128530511798	24.12616299454995	143.06829294217687	29.574196449015226	4.785770201598296	0.1000079719387755	85	0.0016940369897959	0.3385283801020408	199.83529411764707	64.0	343.6619353567526	0.877709381642493	0.6257464758765894	117.29747257166127	0.3676458680689443	4.368251139487421	4.000605271418476
TUM-TCGA-TIPIARAP	TUM-TCGA-TIPIARAP.tif	TUM	data/raw/crc_val_7k/CRC-VAL-HE-7K/TUM/TUM-TCGA-TIPIARAP.tif	161.3625039859694	95.90834263392856	149.93973214285714	39.62236324130247	37.68700329543668	29.702911463660403	135.73685958758503	34.98256124769527	4.9396703509855175	0.1000079719387755	101	0.0020129145408163	0.3373525191326531	167.59405940594058	60.0	294.74456732009384	0.8524533533093255	0.6631705699113396	95.97448811486716	0.36841093451559104	4.116504839360467	4.484915773876058
TUM-TCGA-CRCSQPQQ	TUM-TCGA-CRCSQPQQ.tif	TUM	data/raw/crc_val_7k/CRC-VAL-HE-7K/TUM/TUM-TCGA-CRCSQPQQ.tif	172.1710977359694	103.19666772959184	157.32368064413265	34.217986760526585	30.86028722910418	24.708627335428268	144.23048203656464	29.4584175617138	4.7945760004835645	0.0999681122448979	77	0.0015345982142857	0.3197345344387755	208.3506493506493	94.0	278.0897157969813	0.828034108420056	0.737196700379678	83.7869824883236	0.3689553114968338	4.32298891336356	3.9540336018667266
TUM-TCGA-VSWDNKTH	TUM-TCGA-VSWDNKTH.tif	TUM	data/raw/crc_val_7k/CRC-VAL-HE-7K/TUM/TUM-TCGA-VSWDNKTH.tif	180.5606066645408	114.65565210459184	164.16274713010205	40.8997800243644	46.42677802963665	34.77430390893878	153.12633529974488	40.04231081639287	5.07286249477705	0.1000079719387755	92	0.0018335459183673	0.3026546556122449	165.06521739130434	89.5	230.4106355272759	0.8117628046637758	0.6851333938512646	83.1754336402815	0.37096164342903215	2.9971371432688936	3.3680987866979257
TUM-TCGA-HIVLQPHM	TUM-TCGA-HIVLQPHM.tif	TUM	data/raw/crc_val_7k/CRC-VAL-HE-7K/TUM/TUM-TCGA-HIVLQPHM.tif	166.68809789540816	97.68680245535714	151.08123405612244	34.898486375838715	37.013327193312456	28.308097630568525	138.48537813562922	32.49285279521293	4.770869311683335	0.0999880420918367	81	0.0016143176020408	0.2957987882653061	183.23456790123456	72.0	463.44931326473454	0.7843873996205613	0.7380687375119358	83.19009490734156	0.371514808085907	3.810681505881301	4.182196313967208
TUM-TCGA-ICYTPGGR	TUM-TCGA-ICYTPGGR.tif	TUM	data/raw/crc_val_7k/CRC-VAL-HE-7K/TUM/TUM-TCGA-ICYTPGGR.tif	173.50926737882654	113.48126594387756	163.53073182397958	37.04276243233272	42.58579893399167	32.558246168447084	150.17375504889455	36.728031896936855	4.973698791408005	0.1000079719387755	76	0.0015146683673469	0.3193558673469387	210.8421052631579	53.0	575.8448039421271	0.846512131187155	0.6709088599974673	97.86036297666976	0.37207712943104587	2.493999361097738	2.866076490528784
TUM-TCGA-APGGREMC	TUM-TCGA-APGGREMC.tif	TUM	data/raw/crc_val_7k/CRC-VAL-HE-7K/TUM/TUM-TCGA-APGGREMC.tif	172.36589205994898	106.77987484056122	158.89038584183675	32.79825358477073	34.05733487964425	26.935230444031195	146.01205091411566	30.718411095448666	4.82903534427296	0.1000079719387755	83	0.0016541772959183	0.3157684948979591	190.89156626506025	66.0	301.6034663141781	0.8614809626366425	0.6158418537041874	107.60650432544756	0.37472191832770463	4.152277107246644	3.7775551889189396
TUM-TCGA-GKWWMDAL	TUM-TCGA-GKWWMDAL.tif	TUM	data/raw/crc_val_7k/CRC-VAL-HE-7K/TUM/TUM-TCGA-GKWWMDAL.tif	193.33960459183675	146.40124760841837	185.15308115433675	44.448855509379	61.1145254881663	43.845136898505714	174.96464445153066	49.30334841843966	5.084734638469984	0.1000079719387755	90	0.0017936862244897	0.2472098214285714	137.82222222222222	74.5	187.55269350106963	0.8820872701683986	0.6491033238575089	77.12524166436793	0.3764829451725369	4.643702188216831	4.267219243044294
TUM-TCGA-ARTHKYNY	TUM-TCGA-ARTHKYNY.tif	TUM	data/raw/crc_val_7k/CRC-VAL-HE-7K/TUM/TUM-TCGA-ARTHKYNY.tif	180.8632214604592	121.6771165497449	168.01554528061226	47.40913332397415	57.13107892795921	42.233041338100186	156.85196109693877	48.21981562991046	5.200010657788889	0.1000079719387755	104	0.0020727040816326	0.3183394451530612	153.58653846153845	92.5	171.97610581889896	0.8718390318244672	0.6992285250557873	73.63492545353436	0.37721362586025453	3.9720659434057675	4.349279569266022
